Year,borough_code,borough_name,tax_code,tax_class,tax_wealth_p50,tax_wealth_p25,tax_wealth_p75
1999,11,Rathaus,0,base rate,19.0,0.0,149.0
1999,11,Rathaus,1,couple rate,191.0,30.0,792.0
1999,11,Rathaus,2,single parent family rate,22.5,0.0,395.0
1999,12,Hochschulen,0,base rate,28.0,0.0,186.0
1999,12,Hochschulen,1,couple rate,249.0,37.0,724.5
1999,12,Hochschulen,2,single parent family rate,82.0,0.0,210.0
1999,13,Lindenhof,0,base rate,57.0,2.0,327.5
1999,13,Lindenhof,1,couple rate,307.0,32.0,1480.0
1999,13,Lindenhof,2,single parent family rate,165.0,30.0,1021.0
1999,14,City,0,base rate,12.0,0.0,95.5
1999,14,City,1,couple rate,45.0,1.0,268.0
1999,14,City,2,single parent family rate,3.0,0.0,50.0
1999,21,Wollishofen,0,base rate,39.0,4.0,184.0
1999,21,Wollishofen,1,couple rate,138.5,35.0,427.5
1999,21,Wollishofen,2,single parent family rate,6.0,0.0,53.0
1999,23,Leimbach,0,base rate,31.0,2.0,138.0
1999,23,Leimbach,1,couple rate,120.0,25.0,370.0
1999,23,Leimbach,2,single parent family rate,10.0,0.0,55.0
1999,24,Enge,0,base rate,37.0,1.0,213.0
1999,24,Enge,1,couple rate,200.5,33.5,731.0
1999,24,Enge,2,single parent family rate,9.0,0.0,99.0
1999,31,Alt-Wiedikon,0,base rate,22.0,0.0,113.0
1999,31,Alt-Wiedikon,1,couple rate,63.0,0.0,266.0
1999,31,Alt-Wiedikon,2,single parent family rate,0.5,0.0,38.0
1999,33,Friesenberg,0,base rate,20.0,0.0,96.0
1999,33,Friesenberg,1,couple rate,77.0,12.0,207.0
1999,33,Friesenberg,2,single parent family rate,2.0,0.0,39.0
1999,34,Sihlfeld,0,base rate,14.0,0.0,85.0
1999,34,Sihlfeld,1,couple rate,39.0,0.0,186.0
1999,34,Sihlfeld,2,single parent family rate,0.0,0.0,22.0
1999,41,Werd,0,base rate,10.0,0.0,67.0
1999,41,Werd,1,couple rate,15.0,0.0,149.0
1999,41,Werd,2,single parent family rate,0.0,0.0,30.0
1999,42,Langstrasse,0,base rate,2.0,0.0,39.0
1999,42,Langstrasse,1,couple rate,5.0,0.0,95.0
1999,42,Langstrasse,2,single parent family rate,0.0,0.0,9.0
1999,44,Hard,0,base rate,8.0,0.0,59.0
1999,44,Hard,1,couple rate,9.0,0.0,94.0
1999,44,Hard,2,single parent family rate,0.0,0.0,12.0
1999,51,Gewerbeschule,0,base rate,6.0,0.0,50.0
1999,51,Gewerbeschule,1,couple rate,13.0,0.0,103.0
1999,51,Gewerbeschule,2,single parent family rate,0.0,0.0,24.0
1999,52,Escher Wyss,0,base rate,9.0,0.0,67.0
1999,52,Escher Wyss,1,couple rate,40.5,0.0,211.0
1999,52,Escher Wyss,2,single parent family rate,9.5,0.0,88.0
1999,61,Unterstrass,0,base rate,35.0,2.0,151.0
1999,61,Unterstrass,1,couple rate,116.0,20.0,342.0
1999,61,Unterstrass,2,single parent family rate,10.0,0.0,64.5
1999,63,Oberstrass,0,base rate,46.0,4.0,221.0
1999,63,Oberstrass,1,couple rate,246.0,48.0,876.0
1999,63,Oberstrass,2,single parent family rate,39.5,2.0,203.5
1999,71,Fluntern,0,base rate,69.0,7.0,428.0
1999,71,Fluntern,1,couple rate,473.0,102.0,1766.0
1999,71,Fluntern,2,single parent family rate,80.0,5.0,351.0
1999,72,Hottingen,0,base rate,48.0,4.0,274.0
1999,72,Hottingen,1,couple rate,288.0,61.0,1098.0
1999,72,Hottingen,2,single parent family rate,30.0,0.0,156.0
1999,73,Hirslanden,0,base rate,44.0,6.0,211.0
1999,73,Hirslanden,1,couple rate,220.0,51.0,807.0
1999,73,Hirslanden,2,single parent family rate,23.0,0.0,105.0
1999,74,Witikon,0,base rate,77.0,10.0,360.0
1999,74,Witikon,1,couple rate,297.0,82.0,928.0
1999,74,Witikon,2,single parent family rate,32.0,0.0,168.0
1999,81,Seefeld,0,base rate,34.0,0.0,180.0
1999,81,Seefeld,1,couple rate,174.0,34.0,541.0
1999,81,Seefeld,2,single parent family rate,16.5,0.0,84.5
1999,82,Mühlebach,0,base rate,34.0,2.0,167.0
1999,82,Mühlebach,1,couple rate,187.0,26.0,608.0
1999,82,Mühlebach,2,single parent family rate,20.0,0.0,108.0
1999,83,Weinegg,0,base rate,38.0,2.0,216.5
1999,83,Weinegg,1,couple rate,185.0,24.0,812.0
1999,83,Weinegg,2,single parent family rate,6.0,0.0,129.0
1999,91,Albisrieden,0,base rate,34.0,2.0,151.0
1999,91,Albisrieden,1,couple rate,125.0,24.0,349.0
1999,91,Albisrieden,2,single parent family rate,6.5,0.0,46.0
1999,92,Altstetten,0,base rate,16.0,0.0,95.0
1999,92,Altstetten,1,couple rate,59.0,0.0,212.0
1999,92,Altstetten,2,single parent family rate,0.0,0.0,19.0
1999,101,Höngg,0,base rate,49.0,5.0,226.0
1999,101,Höngg,1,couple rate,164.0,36.0,494.0
1999,101,Höngg,2,single parent family rate,17.0,0.0,93.0
1999,102,Wipkingen,0,base rate,22.0,0.0,103.0
1999,102,Wipkingen,1,couple rate,70.0,0.0,271.0
1999,102,Wipkingen,2,single parent family rate,6.0,0.0,38.0
1999,111,Affoltern,0,base rate,17.0,0.0,90.0
1999,111,Affoltern,1,couple rate,78.0,8.0,234.0
1999,111,Affoltern,2,single parent family rate,3.0,0.0,44.0
1999,115,Oerlikon,0,base rate,23.0,0.0,122.0
1999,115,Oerlikon,1,couple rate,92.0,4.0,341.0
1999,115,Oerlikon,2,single parent family rate,5.0,0.0,54.0
1999,119,Seebach,0,base rate,15.0,0.0,93.0
1999,119,Seebach,1,couple rate,66.0,0.0,223.0
1999,119,Seebach,2,single parent family rate,0.0,0.0,20.0
1999,121,Saatlen,0,base rate,13.0,0.0,68.0
1999,121,Saatlen,1,couple rate,43.0,0.0,148.0
1999,121,Saatlen,2,single parent family rate,1.0,0.0,22.0
1999,122,Schwamendingen-Mitte,0,base rate,16.0,0.0,88.0
1999,122,Schwamendingen-Mitte,1,couple rate,51.0,0.0,208.0
1999,122,Schwamendingen-Mitte,2,single parent family rate,0.0,0.0,17.0
1999,123,Hirzenbach,0,base rate,17.0,0.0,70.0
1999,123,Hirzenbach,1,couple rate,53.0,2.0,186.0
1999,123,Hirzenbach,2,single parent family rate,1.0,0.0,21.0
2000,11,Rathaus,0,base rate,20.0,0.0,149.0
2000,11,Rathaus,1,couple rate,211.0,32.0,782.0
2000,11,Rathaus,2,single parent family rate,49.0,1.0,394.0
2000,12,Hochschulen,0,base rate,32.5,0.0,180.0
2000,12,Hochschulen,1,couple rate,275.0,68.0,956.0
2000,12,Hochschulen,2,single parent family rate,149.0,0.0,339.0
2000,13,Lindenhof,0,base rate,65.0,3.0,315.0
2000,13,Lindenhof,1,couple rate,307.5,31.0,1362.0
2000,13,Lindenhof,2,single parent family rate,41.5,2.0,577.0
2000,14,City,0,base rate,11.0,0.0,89.0
2000,14,City,1,couple rate,51.0,2.0,245.0
2000,14,City,2,single parent family rate,9.0,0.0,70.0
2000,21,Wollishofen,0,base rate,40.0,5.0,195.0
2000,21,Wollishofen,1,couple rate,144.0,32.0,433.0
2000,21,Wollishofen,2,single parent family rate,8.0,0.0,59.0
2000,23,Leimbach,0,base rate,30.0,2.0,143.0
2000,23,Leimbach,1,couple rate,116.0,20.0,393.0
2000,23,Leimbach,2,single parent family rate,8.0,0.0,54.0
2000,24,Enge,0,base rate,38.0,1.0,215.0
2000,24,Enge,1,couple rate,203.0,33.0,753.0
2000,24,Enge,2,single parent family rate,7.0,0.0,113.0
2000,31,Alt-Wiedikon,0,base rate,23.0,0.0,113.0
2000,31,Alt-Wiedikon,1,couple rate,62.0,0.0,279.0
2000,31,Alt-Wiedikon,2,single parent family rate,1.0,0.0,50.0
2000,33,Friesenberg,0,base rate,21.0,0.0,97.0
2000,33,Friesenberg,1,couple rate,76.5,10.0,209.0
2000,33,Friesenberg,2,single parent family rate,6.0,0.0,37.0
2000,34,Sihlfeld,0,base rate,15.0,0.0,87.0
2000,34,Sihlfeld,1,couple rate,35.0,0.0,187.0
2000,34,Sihlfeld,2,single parent family rate,0.0,0.0,22.0
2000,41,Werd,0,base rate,13.0,0.0,71.0
2000,41,Werd,1,couple rate,16.0,0.0,140.0
2000,41,Werd,2,single parent family rate,0.0,0.0,34.0
2000,42,Langstrasse,0,base rate,4.0,0.0,39.0
2000,42,Langstrasse,1,couple rate,6.0,0.0,90.0
2000,42,Langstrasse,2,single parent family rate,0.0,0.0,15.0
2000,44,Hard,0,base rate,8.0,0.0,56.0
2000,44,Hard,1,couple rate,9.0,0.0,86.0
2000,44,Hard,2,single parent family rate,0.0,0.0,11.0
2000,51,Gewerbeschule,0,base rate,8.0,0.0,54.0
2000,51,Gewerbeschule,1,couple rate,16.0,0.0,106.0
2000,51,Gewerbeschule,2,single parent family rate,0.0,0.0,29.0
2000,52,Escher Wyss,0,base rate,12.0,0.0,74.0
2000,52,Escher Wyss,1,couple rate,32.0,0.0,218.0
2000,52,Escher Wyss,2,single parent family rate,0.0,0.0,68.0
2000,61,Unterstrass,0,base rate,34.0,2.0,155.0
2000,61,Unterstrass,1,couple rate,114.0,18.0,346.0
2000,61,Unterstrass,2,single parent family rate,11.0,0.0,65.0
2000,63,Oberstrass,0,base rate,46.0,5.0,222.0
2000,63,Oberstrass,1,couple rate,257.0,56.0,921.0
2000,63,Oberstrass,2,single parent family rate,63.0,5.0,226.5
2000,71,Fluntern,0,base rate,72.0,8.0,446.0
2000,71,Fluntern,1,couple rate,519.0,122.0,1875.0
2000,71,Fluntern,2,single parent family rate,70.5,6.0,267.0
2000,72,Hottingen,0,base rate,49.0,4.0,269.0
2000,72,Hottingen,1,couple rate,293.5,67.0,1123.0
2000,72,Hottingen,2,single parent family rate,27.5,0.0,194.5
2000,73,Hirslanden,0,base rate,44.5,7.0,216.0
2000,73,Hirslanden,1,couple rate,229.0,52.5,844.5
2000,73,Hirslanden,2,single parent family rate,22.0,0.0,115.0
2000,74,Witikon,0,base rate,76.0,11.0,361.0
2000,74,Witikon,1,couple rate,291.0,79.0,964.0
2000,74,Witikon,2,single parent family rate,39.0,0.0,174.0
2000,81,Seefeld,0,base rate,35.0,1.0,195.0
2000,81,Seefeld,1,couple rate,200.0,34.0,558.0
2000,81,Seefeld,2,single parent family rate,34.5,0.0,118.0
2000,82,Mühlebach,0,base rate,38.0,2.0,176.5
2000,82,Mühlebach,1,couple rate,194.5,43.0,623.0
2000,82,Mühlebach,2,single parent family rate,29.0,0.0,139.0
2000,83,Weinegg,0,base rate,41.0,3.0,235.0
2000,83,Weinegg,1,couple rate,188.0,22.0,816.0
2000,83,Weinegg,2,single parent family rate,21.0,0.0,136.0
2000,91,Albisrieden,0,base rate,34.0,2.0,154.0
2000,91,Albisrieden,1,couple rate,126.0,24.0,355.0
2000,91,Albisrieden,2,single parent family rate,9.0,0.0,55.5
2000,92,Altstetten,0,base rate,16.0,0.0,94.0
2000,92,Altstetten,1,couple rate,54.5,0.0,213.0
2000,92,Altstetten,2,single parent family rate,0.0,0.0,21.0
2000,101,Höngg,0,base rate,49.0,5.0,228.0
2000,101,Höngg,1,couple rate,174.0,38.0,522.0
2000,101,Höngg,2,single parent family rate,15.0,0.0,82.0
2000,102,Wipkingen,0,base rate,22.0,0.0,100.0
2000,102,Wipkingen,1,couple rate,67.0,0.0,275.0
2000,102,Wipkingen,2,single parent family rate,6.0,0.0,43.0
2000,111,Affoltern,0,base rate,16.0,0.0,85.0
2000,111,Affoltern,1,couple rate,77.0,6.0,241.0
2000,111,Affoltern,2,single parent family rate,4.0,0.0,39.0
2000,115,Oerlikon,0,base rate,23.0,0.0,119.0
2000,115,Oerlikon,1,couple rate,88.0,5.0,333.0
2000,115,Oerlikon,2,single parent family rate,6.0,0.0,53.0
2000,119,Seebach,0,base rate,15.0,0.0,91.0
2000,119,Seebach,1,couple rate,61.0,0.0,231.0
2000,119,Seebach,2,single parent family rate,0.0,0.0,23.0
2000,121,Saatlen,0,base rate,13.0,0.0,65.0
2000,121,Saatlen,1,couple rate,40.0,0.0,153.0
2000,121,Saatlen,2,single parent family rate,2.5,0.0,23.0
2000,122,Schwamendingen-Mitte,0,base rate,14.52,0.0,86.0
2000,122,Schwamendingen-Mitte,1,couple rate,55.0,0.0,207.5
2000,122,Schwamendingen-Mitte,2,single parent family rate,0.0,0.0,19.0
2000,123,Hirzenbach,0,base rate,16.0,0.0,74.0
2000,123,Hirzenbach,1,couple rate,51.0,0.0,183.0
2000,123,Hirzenbach,2,single parent family rate,0.0,0.0,20.0
2001,11,Rathaus,0,base rate,23.0,0.0,137.0
2001,11,Rathaus,1,couple rate,218.5,35.0,779.0
2001,11,Rathaus,2,single parent family rate,43.5,2.5,300.5
2001,12,Hochschulen,0,base rate,34.0,0.0,205.0
2001,12,Hochschulen,1,couple rate,286.0,57.0,1052.0
2001,12,Hochschulen,2,single parent family rate,169.0,6.0,220.0
2001,13,Lindenhof,0,base rate,55.0,4.0,302.0
2001,13,Lindenhof,1,couple rate,310.0,60.0,1343.0
2001,13,Lindenhof,2,single parent family rate,113.0,37.0,1133.5
2001,14,City,0,base rate,11.0,0.0,68.0
2001,14,City,1,couple rate,58.0,9.0,277.0
2001,14,City,2,single parent family rate,12.0,0.0,39.0
2001,21,Wollishofen,0,base rate,38.0,5.0,182.0
2001,21,Wollishofen,1,couple rate,147.0,30.5,429.5
2001,21,Wollishofen,2,single parent family rate,10.0,0.0,60.0
2001,23,Leimbach,0,base rate,30.0,2.0,148.0
2001,23,Leimbach,1,couple rate,116.0,19.0,370.0
2001,23,Leimbach,2,single parent family rate,8.0,0.0,41.0
2001,24,Enge,0,base rate,38.0,2.0,206.5
2001,24,Enge,1,couple rate,217.0,35.0,744.0
2001,24,Enge,2,single parent family rate,11.0,0.0,125.0
2001,31,Alt-Wiedikon,0,base rate,24.0,0.0,109.0
2001,31,Alt-Wiedikon,1,couple rate,64.0,0.0,279.0
2001,31,Alt-Wiedikon,2,single parent family rate,3.5,0.0,51.0
2001,33,Friesenberg,0,base rate,20.0,0.0,96.5
2001,33,Friesenberg,1,couple rate,77.0,10.0,208.0
2001,33,Friesenberg,2,single parent family rate,4.0,0.0,43.0
2001,34,Sihlfeld,0,base rate,16.0,0.0,87.0
2001,34,Sihlfeld,1,couple rate,34.0,0.0,185.0
2001,34,Sihlfeld,2,single parent family rate,2.0,0.0,25.0
2001,41,Werd,0,base rate,15.0,0.0,74.0
2001,41,Werd,1,couple rate,17.5,0.0,121.0
2001,41,Werd,2,single parent family rate,0.0,0.0,27.0
2001,42,Langstrasse,0,base rate,5.0,0.0,45.0
2001,42,Langstrasse,1,couple rate,5.0,0.0,92.0
2001,42,Langstrasse,2,single parent family rate,0.0,0.0,16.0
2001,44,Hard,0,base rate,8.0,0.0,56.0
2001,44,Hard,1,couple rate,8.0,0.0,86.0
2001,44,Hard,2,single parent family rate,0.0,0.0,12.0
2001,51,Gewerbeschule,0,base rate,10.0,0.0,57.0
2001,51,Gewerbeschule,1,couple rate,16.0,0.0,120.0
2001,51,Gewerbeschule,2,single parent family rate,0.0,0.0,27.0
2001,52,Escher Wyss,0,base rate,15.0,0.0,77.0
2001,52,Escher Wyss,1,couple rate,38.0,0.0,231.0
2001,52,Escher Wyss,2,single parent family rate,5.0,0.0,45.0
2001,61,Unterstrass,0,base rate,35.0,3.0,149.0
2001,61,Unterstrass,1,couple rate,118.0,20.0,343.0
2001,61,Unterstrass,2,single parent family rate,14.0,0.0,76.0
2001,63,Oberstrass,0,base rate,49.0,6.0,223.0
2001,63,Oberstrass,1,couple rate,252.0,57.0,892.0
2001,63,Oberstrass,2,single parent family rate,58.0,7.0,224.0
2001,71,Fluntern,0,base rate,76.0,8.0,421.5
2001,71,Fluntern,1,couple rate,506.0,119.0,1897.0
2001,71,Fluntern,2,single parent family rate,50.5,0.0,221.0
2001,72,Hottingen,0,base rate,54.0,5.0,274.0
2001,72,Hottingen,1,couple rate,304.0,66.0,1070.0
2001,72,Hottingen,2,single parent family rate,40.5,0.0,234.0
2001,73,Hirslanden,0,base rate,45.0,6.0,205.0
2001,73,Hirslanden,1,couple rate,217.0,48.0,797.0
2001,73,Hirslanden,2,single parent family rate,22.5,0.0,115.0
2001,74,Witikon,0,base rate,78.0,13.0,361.0
2001,74,Witikon,1,couple rate,299.0,73.0,910.5
2001,74,Witikon,2,single parent family rate,41.0,1.5,158.5
2001,81,Seefeld,0,base rate,38.0,2.0,190.0
2001,81,Seefeld,1,couple rate,204.0,30.0,531.0
2001,81,Seefeld,2,single parent family rate,21.0,0.0,156.0
2001,82,Mühlebach,0,base rate,40.0,3.0,178.0
2001,82,Mühlebach,1,couple rate,204.0,46.0,612.0
2001,82,Mühlebach,2,single parent family rate,36.0,1.0,120.0
2001,83,Weinegg,0,base rate,43.0,5.0,214.0
2001,83,Weinegg,1,couple rate,177.0,23.0,813.0
2001,83,Weinegg,2,single parent family rate,27.5,0.0,170.0
2001,91,Albisrieden,0,base rate,34.0,2.0,154.0
2001,91,Albisrieden,1,couple rate,125.0,22.0,348.0
2001,91,Albisrieden,2,single parent family rate,11.0,0.0,53.5
2001,92,Altstetten,0,base rate,15.0,0.0,92.0
2001,92,Altstetten,1,couple rate,53.0,0.0,208.0
2001,92,Altstetten,2,single parent family rate,0.0,0.0,19.0
2001,101,Höngg,0,base rate,48.0,5.0,227.0
2001,101,Höngg,1,couple rate,174.0,39.0,515.0
2001,101,Höngg,2,single parent family rate,18.0,0.0,92.0
2001,102,Wipkingen,0,base rate,25.0,0.0,104.0
2001,102,Wipkingen,1,couple rate,72.0,1.0,280.0
2001,102,Wipkingen,2,single parent family rate,8.0,0.0,52.0
2001,111,Affoltern,0,base rate,17.0,0.0,84.0
2001,111,Affoltern,1,couple rate,74.0,5.0,241.0
2001,111,Affoltern,2,single parent family rate,4.0,0.0,45.5
2001,115,Oerlikon,0,base rate,24.0,0.0,117.0
2001,115,Oerlikon,1,couple rate,84.0,4.0,315.0
2001,115,Oerlikon,2,single parent family rate,6.0,0.0,52.0
2001,119,Seebach,0,base rate,14.0,0.0,87.0
2001,119,Seebach,1,couple rate,59.0,0.0,229.0
2001,119,Seebach,2,single parent family rate,1.0,0.0,24.5
2001,121,Saatlen,0,base rate,15.0,0.0,71.0
2001,121,Saatlen,1,couple rate,43.0,0.0,156.0
2001,121,Saatlen,2,single parent family rate,1.5,0.0,25.0
2001,122,Schwamendingen-Mitte,0,base rate,16.0,0.0,86.5
2001,122,Schwamendingen-Mitte,1,couple rate,47.0,0.0,202.0
2001,122,Schwamendingen-Mitte,2,single parent family rate,0.0,0.0,12.0
2001,123,Hirzenbach,0,base rate,17.0,0.0,78.0
2001,123,Hirzenbach,1,couple rate,49.0,0.0,187.0
2001,123,Hirzenbach,2,single parent family rate,2.0,0.0,25.0
2002,11,Rathaus,0,base rate,23.0,0.0,145.0
2002,11,Rathaus,1,couple rate,204.0,31.0,653.0
2002,11,Rathaus,2,single parent family rate,51.0,3.0,199.0
2002,12,Hochschulen,0,base rate,38.0,0.0,242.5
2002,12,Hochschulen,1,couple rate,300.5,52.5,1020.0
2002,12,Hochschulen,2,single parent family rate,65.0,5.0,259.0
2002,13,Lindenhof,0,base rate,58.0,5.5,285.5
2002,13,Lindenhof,1,couple rate,273.5,57.0,1225.5
2002,13,Lindenhof,2,single parent family rate,69.0,8.0,971.0
2002,14,City,0,base rate,11.5,0.0,72.0
2002,14,City,1,couple rate,79.0,13.0,324.0
2002,14,City,2,single parent family rate,11.0,0.0,56.0
2002,21,Wollishofen,0,base rate,37.0,4.0,171.0
2002,21,Wollishofen,1,couple rate,148.0,30.0,425.0
2002,21,Wollishofen,2,single parent family rate,9.0,0.0,64.0
2002,23,Leimbach,0,base rate,29.0,2.0,142.0
2002,23,Leimbach,1,couple rate,111.0,18.0,352.0
2002,23,Leimbach,2,single parent family rate,8.0,0.0,50.5
2002,24,Enge,0,base rate,35.0,2.0,188.0
2002,24,Enge,1,couple rate,194.0,32.0,704.0
2002,24,Enge,2,single parent family rate,12.0,0.0,201.0
2002,31,Alt-Wiedikon,0,base rate,23.0,0.0,103.0
2002,31,Alt-Wiedikon,1,couple rate,57.0,0.0,258.0
2002,31,Alt-Wiedikon,2,single parent family rate,1.0,0.0,48.0
2002,33,Friesenberg,0,base rate,20.0,0.0,95.0
2002,33,Friesenberg,1,couple rate,72.0,7.0,195.0
2002,33,Friesenberg,2,single parent family rate,5.0,0.0,40.0
2002,34,Sihlfeld,0,base rate,16.0,0.0,86.0
2002,34,Sihlfeld,1,couple rate,32.0,0.0,183.0
2002,34,Sihlfeld,2,single parent family rate,1.0,0.0,28.0
2002,41,Werd,0,base rate,13.0,0.0,71.0
2002,41,Werd,1,couple rate,16.5,0.0,130.0
2002,41,Werd,2,single parent family rate,1.0,0.0,51.0
2002,42,Langstrasse,0,base rate,4.0,0.0,44.0
2002,42,Langstrasse,1,couple rate,3.0,0.0,81.0
2002,42,Langstrasse,2,single parent family rate,0.0,0.0,18.0
2002,44,Hard,0,base rate,7.0,0.0,53.0
2002,44,Hard,1,couple rate,7.0,0.0,83.0
2002,44,Hard,2,single parent family rate,0.0,0.0,10.0
2002,51,Gewerbeschule,0,base rate,9.0,0.0,58.0
2002,51,Gewerbeschule,1,couple rate,14.0,0.0,113.0
2002,51,Gewerbeschule,2,single parent family rate,0.0,0.0,28.0
2002,52,Escher Wyss,0,base rate,14.0,0.0,76.0
2002,52,Escher Wyss,1,couple rate,53.0,0.0,209.0
2002,52,Escher Wyss,2,single parent family rate,5.0,0.0,45.0
2002,61,Unterstrass,0,base rate,33.0,3.0,140.0
2002,61,Unterstrass,1,couple rate,113.0,16.0,331.0
2002,61,Unterstrass,2,single parent family rate,14.5,0.0,80.0
2002,63,Oberstrass,0,base rate,48.0,5.0,216.0
2002,63,Oberstrass,1,couple rate,236.0,52.0,875.0
2002,63,Oberstrass,2,single parent family rate,51.0,7.0,215.0
2002,71,Fluntern,0,base rate,72.0,7.0,400.0
2002,71,Fluntern,1,couple rate,506.5,110.0,1883.0
2002,71,Fluntern,2,single parent family rate,65.0,2.0,290.0
2002,72,Hottingen,0,base rate,52.0,5.0,263.0
2002,72,Hottingen,1,couple rate,287.5,70.0,1053.0
2002,72,Hottingen,2,single parent family rate,32.0,0.0,216.0
2002,73,Hirslanden,0,base rate,44.0,6.0,187.5
2002,73,Hirslanden,1,couple rate,197.0,50.0,745.0
2002,73,Hirslanden,2,single parent family rate,28.0,0.0,119.0
2002,74,Witikon,0,base rate,74.0,10.0,328.0
2002,74,Witikon,1,couple rate,284.0,67.0,844.0
2002,74,Witikon,2,single parent family rate,45.0,1.0,217.0
2002,81,Seefeld,0,base rate,36.0,1.0,170.0
2002,81,Seefeld,1,couple rate,192.0,29.0,553.0
2002,81,Seefeld,2,single parent family rate,22.0,0.0,131.0
2002,82,Mühlebach,0,base rate,36.0,2.0,168.0
2002,82,Mühlebach,1,couple rate,203.5,44.0,661.0
2002,82,Mühlebach,2,single parent family rate,34.0,2.0,141.0
2002,83,Weinegg,0,base rate,40.0,4.0,199.0
2002,83,Weinegg,1,couple rate,167.0,23.0,724.0
2002,83,Weinegg,2,single parent family rate,15.5,0.0,112.5
2002,91,Albisrieden,0,base rate,31.0,2.0,144.0
2002,91,Albisrieden,1,couple rate,115.0,18.0,335.0
2002,91,Albisrieden,2,single parent family rate,8.0,0.0,45.0
2002,92,Altstetten,0,base rate,16.0,0.0,90.0
2002,92,Altstetten,1,couple rate,46.0,0.0,197.0
2002,92,Altstetten,2,single parent family rate,0.0,0.0,18.0
2002,101,Höngg,0,base rate,44.0,5.0,203.0
2002,101,Höngg,1,couple rate,170.0,39.0,496.0
2002,101,Höngg,2,single parent family rate,21.0,0.0,88.0
2002,102,Wipkingen,0,base rate,23.0,0.0,102.0
2002,102,Wipkingen,1,couple rate,66.0,0.0,260.0
2002,102,Wipkingen,2,single parent family rate,7.0,0.0,46.0
2002,111,Affoltern,0,base rate,17.0,0.0,85.0
2002,111,Affoltern,1,couple rate,73.0,4.0,232.0
2002,111,Affoltern,2,single parent family rate,3.0,0.0,37.0
2002,115,Oerlikon,0,base rate,21.0,0.0,109.0
2002,115,Oerlikon,1,couple rate,82.0,2.0,308.0
2002,115,Oerlikon,2,single parent family rate,4.0,0.0,46.0
2002,119,Seebach,0,base rate,13.0,0.0,83.0
2002,119,Seebach,1,couple rate,50.0,0.0,218.0
2002,119,Seebach,2,single parent family rate,1.0,0.0,26.0
2002,121,Saatlen,0,base rate,12.0,0.0,67.0
2002,121,Saatlen,1,couple rate,37.0,0.0,148.0
2002,121,Saatlen,2,single parent family rate,0.5,0.0,21.0
2002,122,Schwamendingen-Mitte,0,base rate,15.0,0.0,88.0
2002,122,Schwamendingen-Mitte,1,couple rate,43.0,0.0,198.0
2002,122,Schwamendingen-Mitte,2,single parent family rate,0.0,0.0,14.0
2002,123,Hirzenbach,0,base rate,15.0,0.0,74.0
2002,123,Hirzenbach,1,couple rate,44.0,0.0,169.16
2002,123,Hirzenbach,2,single parent family rate,0.0,0.0,21.0
2003,11,Rathaus,0,base rate,23.0,0.0,157.0
2003,11,Rathaus,1,couple rate,221.0,23.0,718.0
2003,11,Rathaus,2,single parent family rate,54.0,0.0,185.0
2003,12,Hochschulen,0,base rate,40.0,0.0,260.0
2003,12,Hochschulen,1,couple rate,299.0,55.0,1077.0
2003,12,Hochschulen,2,single parent family rate,118.0,0.0,520.0
2003,13,Lindenhof,0,base rate,56.0,4.0,306.0
2003,13,Lindenhof,1,couple rate,288.0,54.0,1236.0
2003,13,Lindenhof,2,single parent family rate,49.0,0.0,417.0
2003,14,City,0,base rate,14.0,0.0,85.0
2003,14,City,1,couple rate,79.0,7.0,323.0
2003,14,City,2,single parent family rate,11.0,0.0,30.0
2003,21,Wollishofen,0,base rate,35.0,3.0,177.0
2003,21,Wollishofen,1,couple rate,151.0,29.0,448.0
2003,21,Wollishofen,2,single parent family rate,12.5,0.0,71.0
2003,23,Leimbach,0,base rate,31.0,2.0,158.0
2003,23,Leimbach,1,couple rate,110.0,15.0,363.0
2003,23,Leimbach,2,single parent family rate,8.0,0.0,61.0
2003,24,Enge,0,base rate,36.0,2.0,202.0
2003,24,Enge,1,couple rate,216.5,29.0,780.5
2003,24,Enge,2,single parent family rate,17.0,0.0,138.0
2003,31,Alt-Wiedikon,0,base rate,23.0,0.0,110.0
2003,31,Alt-Wiedikon,1,couple rate,61.0,0.0,259.0
2003,31,Alt-Wiedikon,2,single parent family rate,2.0,0.0,46.0
2003,33,Friesenberg,0,base rate,19.0,0.0,96.0
2003,33,Friesenberg,1,couple rate,75.0,9.0,207.0
2003,33,Friesenberg,2,single parent family rate,6.0,0.0,39.5
2003,34,Sihlfeld,0,base rate,17.0,0.0,90.0
2003,34,Sihlfeld,1,couple rate,28.0,0.0,180.0
2003,34,Sihlfeld,2,single parent family rate,1.0,0.0,30.0
2003,41,Werd,0,base rate,13.0,0.0,74.0
2003,41,Werd,1,couple rate,21.5,0.0,159.0
2003,41,Werd,2,single parent family rate,0.0,0.0,72.0
2003,42,Langstrasse,0,base rate,5.0,0.0,46.0
2003,42,Langstrasse,1,couple rate,4.0,0.0,90.5
2003,42,Langstrasse,2,single parent family rate,0.0,0.0,19.5
2003,44,Hard,0,base rate,6.0,0.0,53.0
2003,44,Hard,1,couple rate,5.0,0.0,80.0
2003,44,Hard,2,single parent family rate,0.0,0.0,9.0
2003,51,Gewerbeschule,0,base rate,10.0,0.0,62.0
2003,51,Gewerbeschule,1,couple rate,14.0,0.0,111.0
2003,51,Gewerbeschule,2,single parent family rate,0.5,0.0,37.5
2003,52,Escher Wyss,0,base rate,15.0,0.0,86.0
2003,52,Escher Wyss,1,couple rate,82.5,0.5,289.0
2003,52,Escher Wyss,2,single parent family rate,5.0,0.0,73.0
2003,61,Unterstrass,0,base rate,35.0,3.0,149.0
2003,61,Unterstrass,1,couple rate,114.0,17.0,350.0
2003,61,Unterstrass,2,single parent family rate,16.5,0.0,103.0
2003,63,Oberstrass,0,base rate,51.0,5.0,234.0
2003,63,Oberstrass,1,couple rate,287.0,70.0,953.0
2003,63,Oberstrass,2,single parent family rate,51.0,6.0,229.0
2003,71,Fluntern,0,base rate,73.0,7.0,439.0
2003,71,Fluntern,1,couple rate,533.5,122.5,2021.0
2003,71,Fluntern,2,single parent family rate,71.0,3.0,334.0
2003,72,Hottingen,0,base rate,52.0,5.0,273.0
2003,72,Hottingen,1,couple rate,321.5,73.0,1169.0
2003,72,Hottingen,2,single parent family rate,41.0,0.0,207.0
2003,73,Hirslanden,0,base rate,44.0,6.0,211.0
2003,73,Hirslanden,1,couple rate,218.0,51.0,751.0
2003,73,Hirslanden,2,single parent family rate,32.0,0.0,142.0
2003,74,Witikon,0,base rate,77.0,9.0,361.0
2003,74,Witikon,1,couple rate,303.0,74.0,913.0
2003,74,Witikon,2,single parent family rate,38.0,0.0,248.0
2003,81,Seefeld,0,base rate,39.0,1.0,188.0
2003,81,Seefeld,1,couple rate,203.5,29.5,680.5
2003,81,Seefeld,2,single parent family rate,28.0,0.0,103.0
2003,82,Mühlebach,0,base rate,40.0,2.0,178.0
2003,82,Mühlebach,1,couple rate,198.0,42.0,640.0
2003,82,Mühlebach,2,single parent family rate,35.5,4.5,141.5
2003,83,Weinegg,0,base rate,43.0,3.0,223.0
2003,83,Weinegg,1,couple rate,182.0,27.0,784.0
2003,83,Weinegg,2,single parent family rate,24.0,4.0,132.0
2003,91,Albisrieden,0,base rate,32.0,1.0,146.0
2003,91,Albisrieden,1,couple rate,116.0,16.0,352.0
2003,91,Albisrieden,2,single parent family rate,7.0,0.0,45.0
2003,92,Altstetten,0,base rate,15.0,0.0,94.0
2003,92,Altstetten,1,couple rate,47.0,0.0,208.0
2003,92,Altstetten,2,single parent family rate,0.0,0.0,24.0
2003,101,Höngg,0,base rate,43.0,4.0,217.0
2003,101,Höngg,1,couple rate,185.0,42.0,530.0
2003,101,Höngg,2,single parent family rate,17.0,0.0,88.0
2003,102,Wipkingen,0,base rate,23.0,0.0,110.0
2003,102,Wipkingen,1,couple rate,72.0,0.0,288.0
2003,102,Wipkingen,2,single parent family rate,10.0,0.0,57.0
2003,111,Affoltern,0,base rate,17.0,0.0,86.0
2003,111,Affoltern,1,couple rate,75.0,2.0,238.0
2003,111,Affoltern,2,single parent family rate,3.0,0.0,38.0
2003,115,Oerlikon,0,base rate,22.0,0.0,115.0
2003,115,Oerlikon,1,couple rate,82.0,2.0,314.0
2003,115,Oerlikon,2,single parent family rate,5.0,0.0,43.5
2003,119,Seebach,0,base rate,13.0,0.0,81.0
2003,119,Seebach,1,couple rate,48.0,0.0,222.0
2003,119,Seebach,2,single parent family rate,1.0,0.0,19.0
2003,121,Saatlen,0,base rate,13.0,0.0,71.0
2003,121,Saatlen,1,couple rate,41.0,0.0,155.0
2003,121,Saatlen,2,single parent family rate,0.0,0.0,21.0
2003,122,Schwamendingen-Mitte,0,base rate,15.0,0.0,90.0
2003,122,Schwamendingen-Mitte,1,couple rate,42.0,0.0,209.0
2003,122,Schwamendingen-Mitte,2,single parent family rate,0.0,0.0,13.0
2003,123,Hirzenbach,0,base rate,13.0,0.0,72.0
2003,123,Hirzenbach,1,couple rate,41.5,0.0,167.0
2003,123,Hirzenbach,2,single parent family rate,1.0,0.0,23.0
2004,11,Rathaus,0,base rate,23.0,0.0,156.0
2004,11,Rathaus,1,couple rate,249.5,42.0,828.5
2004,11,Rathaus,2,single parent family rate,66.0,0.0,221.0
2004,12,Hochschulen,0,base rate,31.0,0.0,252.0
2004,12,Hochschulen,1,couple rate,290.5,44.5,1050.0
2004,12,Hochschulen,2,single parent family rate,279.0,17.0,562.0
2004,13,Lindenhof,0,base rate,56.0,3.0,286.0
2004,13,Lindenhof,1,couple rate,283.0,49.0,1135.0
2004,13,Lindenhof,2,single parent family rate,78.0,7.0,321.0
2004,14,City,0,base rate,17.0,0.0,103.0
2004,14,City,1,couple rate,79.0,6.0,345.0
2004,14,City,2,single parent family rate,23.5,0.0,83.0
2004,21,Wollishofen,0,base rate,34.0,3.0,176.0
2004,21,Wollishofen,1,couple rate,149.0,27.0,454.5
2004,21,Wollishofen,2,single parent family rate,13.0,0.0,72.5
2004,23,Leimbach,0,base rate,31.0,2.0,160.0
2004,23,Leimbach,1,couple rate,114.0,15.0,371.0
2004,23,Leimbach,2,single parent family rate,6.0,0.0,51.0
2004,24,Enge,0,base rate,38.0,2.0,205.0
2004,24,Enge,1,couple rate,213.0,28.0,784.0
2004,24,Enge,2,single parent family rate,20.0,0.0,141.0
2004,31,Alt-Wiedikon,0,base rate,24.0,0.0,111.0
2004,31,Alt-Wiedikon,1,couple rate,62.0,0.0,274.0
2004,31,Alt-Wiedikon,2,single parent family rate,3.0,0.0,53.0
2004,33,Friesenberg,0,base rate,19.0,0.0,96.0
2004,33,Friesenberg,1,couple rate,75.0,8.0,218.0
2004,33,Friesenberg,2,single parent family rate,3.0,0.0,40.0
2004,34,Sihlfeld,0,base rate,17.0,0.0,89.0
2004,34,Sihlfeld,1,couple rate,27.0,0.0,177.0
2004,34,Sihlfeld,2,single parent family rate,2.0,0.0,30.5
2004,41,Werd,0,base rate,16.0,0.0,82.0
2004,41,Werd,1,couple rate,24.0,0.0,132.0
2004,41,Werd,2,single parent family rate,0.0,0.0,123.0
2004,42,Langstrasse,0,base rate,4.0,0.0,46.0
2004,42,Langstrasse,1,couple rate,3.0,0.0,93.0
2004,42,Langstrasse,2,single parent family rate,0.0,0.0,17.5
2004,44,Hard,0,base rate,5.0,0.0,53.0
2004,44,Hard,1,couple rate,3.0,0.0,73.0
2004,44,Hard,2,single parent family rate,0.0,0.0,13.0
2004,51,Gewerbeschule,0,base rate,11.0,0.0,66.0
2004,51,Gewerbeschule,1,couple rate,11.5,0.0,109.0
2004,51,Gewerbeschule,2,single parent family rate,3.0,0.0,46.0
2004,52,Escher Wyss,0,base rate,17.0,0.0,100.5
2004,52,Escher Wyss,1,couple rate,88.0,0.0,332.0
2004,52,Escher Wyss,2,single parent family rate,1.0,0.0,50.0
2004,61,Unterstrass,0,base rate,36.0,2.0,151.0
2004,61,Unterstrass,1,couple rate,116.0,16.0,356.5
2004,61,Unterstrass,2,single parent family rate,18.0,0.0,89.0
2004,63,Oberstrass,0,base rate,53.0,6.0,255.0
2004,63,Oberstrass,1,couple rate,285.0,72.0,966.0
2004,63,Oberstrass,2,single parent family rate,50.0,7.0,290.5
2004,71,Fluntern,0,base rate,77.0,6.0,441.0
2004,71,Fluntern,1,couple rate,562.0,132.0,2132.0
2004,71,Fluntern,2,single parent family rate,77.0,7.0,318.0
2004,72,Hottingen,0,base rate,53.0,5.0,284.0
2004,72,Hottingen,1,couple rate,329.5,81.0,1173.0
2004,72,Hottingen,2,single parent family rate,41.0,0.0,250.0
2004,73,Hirslanden,0,base rate,46.0,6.0,222.5
2004,73,Hirslanden,1,couple rate,223.5,43.0,760.5
2004,73,Hirslanden,2,single parent family rate,32.0,0.0,141.0
2004,74,Witikon,0,base rate,74.0,9.0,352.0
2004,74,Witikon,1,couple rate,307.0,74.0,938.0
2004,74,Witikon,2,single parent family rate,39.0,0.0,207.0
2004,81,Seefeld,0,base rate,37.0,1.0,197.0
2004,81,Seefeld,1,couple rate,213.0,30.0,679.0
2004,81,Seefeld,2,single parent family rate,37.0,0.0,147.0
2004,82,Mühlebach,0,base rate,40.0,3.0,183.0
2004,82,Mühlebach,1,couple rate,197.0,44.0,619.0
2004,82,Mühlebach,2,single parent family rate,36.5,1.0,180.0
2004,83,Weinegg,0,base rate,42.0,3.0,233.0
2004,83,Weinegg,1,couple rate,197.0,29.0,754.0
2004,83,Weinegg,2,single parent family rate,29.0,0.0,191.0
2004,91,Albisrieden,0,base rate,30.0,1.0,147.0
2004,91,Albisrieden,1,couple rate,114.5,15.0,352.0
2004,91,Albisrieden,2,single parent family rate,5.0,0.0,45.0
2004,92,Altstetten,0,base rate,14.0,0.0,94.0
2004,92,Altstetten,1,couple rate,44.0,0.0,207.0
2004,92,Altstetten,2,single parent family rate,0.0,0.0,22.0
2004,101,Höngg,0,base rate,45.0,4.0,215.0
2004,101,Höngg,1,couple rate,191.0,44.0,548.0
2004,101,Höngg,2,single parent family rate,17.0,0.0,96.0
2004,102,Wipkingen,0,base rate,23.0,0.0,113.0
2004,102,Wipkingen,1,couple rate,69.0,0.0,288.0
2004,102,Wipkingen,2,single parent family rate,11.0,0.0,62.0
2004,111,Affoltern,0,base rate,16.0,0.0,89.0
2004,111,Affoltern,1,couple rate,74.0,1.0,243.0
2004,111,Affoltern,2,single parent family rate,5.0,0.0,42.0
2004,115,Oerlikon,0,base rate,24.0,0.0,122.0
2004,115,Oerlikon,1,couple rate,83.0,2.0,334.0
2004,115,Oerlikon,2,single parent family rate,5.0,0.0,42.0
2004,119,Seebach,0,base rate,12.0,0.0,83.0
2004,119,Seebach,1,couple rate,44.0,0.0,216.0
2004,119,Seebach,2,single parent family rate,0.0,0.0,21.5
2004,121,Saatlen,0,base rate,12.0,0.0,72.0
2004,121,Saatlen,1,couple rate,37.0,0.0,155.0
2004,121,Saatlen,2,single parent family rate,0.0,0.0,12.0
2004,122,Schwamendingen-Mitte,0,base rate,14.0,0.0,88.0
2004,122,Schwamendingen-Mitte,1,couple rate,36.0,0.0,201.0
2004,122,Schwamendingen-Mitte,2,single parent family rate,0.0,0.0,14.0
2004,123,Hirzenbach,0,base rate,13.0,0.0,72.0
2004,123,Hirzenbach,1,couple rate,37.0,0.0,159.0
2004,123,Hirzenbach,2,single parent family rate,0.0,0.0,14.0
2005,11,Rathaus,0,base rate,26.0,0.0,176.0
2005,11,Rathaus,1,couple rate,246.0,44.0,884.0
2005,11,Rathaus,2,single parent family rate,19.0,0.0,178.0
2005,12,Hochschulen,0,base rate,50.0,1.0,279.0
2005,12,Hochschulen,1,couple rate,293.0,24.0,1138.0
2005,12,Hochschulen,2,single parent family rate,86.0,0.0,294.0
2005,13,Lindenhof,0,base rate,64.0,5.0,301.0
2005,13,Lindenhof,1,couple rate,366.0,73.0,1343.0
2005,13,Lindenhof,2,single parent family rate,56.0,0.0,494.0
2005,14,City,0,base rate,22.0,0.0,153.0
2005,14,City,1,couple rate,64.0,2.0,341.0
2005,14,City,2,single parent family rate,24.0,0.0,43.0
2005,21,Wollishofen,0,base rate,36.0,2.5,182.0
2005,21,Wollishofen,1,couple rate,153.0,25.0,482.0
2005,21,Wollishofen,2,single parent family rate,12.0,0.0,72.0
2005,23,Leimbach,0,base rate,30.5,2.0,153.0
2005,23,Leimbach,1,couple rate,118.0,14.0,350.0
2005,23,Leimbach,2,single parent family rate,8.0,0.0,52.0
2005,24,Enge,0,base rate,43.0,3.0,232.0
2005,24,Enge,1,couple rate,246.5,33.0,854.5
2005,24,Enge,2,single parent family rate,26.0,0.0,150.0
2005,31,Alt-Wiedikon,0,base rate,26.0,0.0,116.0
2005,31,Alt-Wiedikon,1,couple rate,65.0,0.0,298.0
2005,31,Alt-Wiedikon,2,single parent family rate,3.0,0.0,74.0
2005,33,Friesenberg,0,base rate,17.0,0.0,91.0
2005,33,Friesenberg,1,couple rate,72.0,7.0,218.0
2005,33,Friesenberg,2,single parent family rate,5.0,0.0,41.0
2005,34,Sihlfeld,0,base rate,16.0,0.0,94.0
2005,34,Sihlfeld,1,couple rate,28.0,0.0,186.0
2005,34,Sihlfeld,2,single parent family rate,2.0,0.0,33.0
2005,41,Werd,0,base rate,16.0,0.0,90.0
2005,41,Werd,1,couple rate,23.0,0.0,172.0
2005,41,Werd,2,single parent family rate,24.0,0.0,180.0
2005,42,Langstrasse,0,base rate,6.0,0.0,52.0
2005,42,Langstrasse,1,couple rate,3.0,0.0,97.0
2005,42,Langstrasse,2,single parent family rate,0.0,0.0,27.0
2005,44,Hard,0,base rate,5.0,0.0,53.0
2005,44,Hard,1,couple rate,1.0,0.0,72.0
2005,44,Hard,2,single parent family rate,0.0,0.0,12.0
2005,51,Gewerbeschule,0,base rate,13.0,0.0,72.0
2005,51,Gewerbeschule,1,couple rate,10.0,0.0,112.0
2005,51,Gewerbeschule,2,single parent family rate,4.0,0.0,59.0
2005,52,Escher Wyss,0,base rate,19.0,0.0,106.0
2005,52,Escher Wyss,1,couple rate,101.5,0.0,369.0
2005,52,Escher Wyss,2,single parent family rate,3.5,0.0,70.5
2005,61,Unterstrass,0,base rate,36.0,2.0,162.0
2005,61,Unterstrass,1,couple rate,119.0,17.0,378.0
2005,61,Unterstrass,2,single parent family rate,16.5,0.0,96.5
2005,63,Oberstrass,0,base rate,56.5,6.0,267.0
2005,63,Oberstrass,1,couple rate,338.5,81.0,1062.0
2005,63,Oberstrass,2,single parent family rate,61.0,10.0,243.0
2005,71,Fluntern,0,base rate,80.0,6.0,462.0
2005,71,Fluntern,1,couple rate,582.5,130.5,2244.0
2005,71,Fluntern,2,single parent family rate,82.5,6.0,360.0
2005,72,Hottingen,0,base rate,58.0,5.0,320.0
2005,72,Hottingen,1,couple rate,357.5,86.0,1237.0
2005,72,Hottingen,2,single parent family rate,45.0,3.0,230.5
2005,73,Hirslanden,0,base rate,46.0,6.0,228.0
2005,73,Hirslanden,1,couple rate,231.0,51.0,859.0
2005,73,Hirslanden,2,single parent family rate,38.0,0.0,158.0
2005,74,Witikon,0,base rate,73.0,8.0,365.5
2005,74,Witikon,1,couple rate,313.0,76.5,999.5
2005,74,Witikon,2,single parent family rate,35.0,0.0,221.0
2005,81,Seefeld,0,base rate,42.0,2.0,206.0
2005,81,Seefeld,1,couple rate,220.0,27.0,733.0
2005,81,Seefeld,2,single parent family rate,29.0,0.0,106.0
2005,82,Mühlebach,0,base rate,40.0,2.0,196.0
2005,82,Mühlebach,1,couple rate,214.0,41.0,636.0
2005,82,Mühlebach,2,single parent family rate,24.5,0.0,163.0
2005,83,Weinegg,0,base rate,47.0,3.0,250.5
2005,83,Weinegg,1,couple rate,216.0,31.0,777.0
2005,83,Weinegg,2,single parent family rate,25.0,2.0,155.0
2005,91,Albisrieden,0,base rate,29.0,0.0,144.0
2005,91,Albisrieden,1,couple rate,114.0,11.0,361.0
2005,91,Albisrieden,2,single parent family rate,5.0,0.0,50.0
2005,92,Altstetten,0,base rate,14.0,0.0,93.0
2005,92,Altstetten,1,couple rate,41.0,0.0,213.0
2005,92,Altstetten,2,single parent family rate,0.0,0.0,26.0
2005,101,Höngg,0,base rate,46.0,5.0,230.54
2005,101,Höngg,1,couple rate,195.0,39.0,572.5
2005,101,Höngg,2,single parent family rate,20.0,0.0,108.5
2005,102,Wipkingen,0,base rate,24.0,0.0,114.0
2005,102,Wipkingen,1,couple rate,75.0,0.0,307.0
2005,102,Wipkingen,2,single parent family rate,9.0,0.0,70.0
2005,111,Affoltern,0,base rate,17.0,0.0,95.0
2005,111,Affoltern,1,couple rate,72.0,1.0,248.5
2005,111,Affoltern,2,single parent family rate,5.0,0.0,41.0
2005,115,Oerlikon,0,base rate,23.0,0.0,122.0
2005,115,Oerlikon,1,couple rate,91.0,2.0,354.0
2005,115,Oerlikon,2,single parent family rate,3.0,0.0,49.0
2005,119,Seebach,0,base rate,11.0,0.0,84.0
2005,119,Seebach,1,couple rate,40.0,0.0,222.5
2005,119,Seebach,2,single parent family rate,0.0,0.0,19.0
2005,121,Saatlen,0,base rate,10.0,0.0,71.0
2005,121,Saatlen,1,couple rate,32.0,0.0,151.0
2005,121,Saatlen,2,single parent family rate,0.0,0.0,14.0
2005,122,Schwamendingen-Mitte,0,base rate,11.0,0.0,85.0
2005,122,Schwamendingen-Mitte,1,couple rate,30.0,0.0,195.0
2005,122,Schwamendingen-Mitte,2,single parent family rate,0.0,0.0,11.0
2005,123,Hirzenbach,0,base rate,10.0,0.0,69.0
2005,123,Hirzenbach,1,couple rate,33.0,0.0,158.0
2005,123,Hirzenbach,2,single parent family rate,1.0,0.0,14.0
2006,11,Rathaus,0,base rate,25.0,0.0,184.0
2006,11,Rathaus,1,couple rate,294.0,49.5,983.5
2006,11,Rathaus,2,single parent family rate,50.0,0.0,282.0
2006,12,Hochschulen,0,base rate,52.5,4.0,297.0
2006,12,Hochschulen,1,couple rate,327.0,60.0,1174.0
2006,12,Hochschulen,2,single parent family rate,10.0,0.0,746.0
2006,13,Lindenhof,0,base rate,54.5,2.0,307.0
2006,13,Lindenhof,1,couple rate,415.5,78.0,1436.0
2006,13,Lindenhof,2,single parent family rate,70.0,2.0,1027.0
2006,14,City,0,base rate,20.0,0.0,126.5
2006,14,City,1,couple rate,86.0,14.0,379.0
2006,14,City,2,single parent family rate,22.0,7.0,54.0
2006,21,Wollishofen,0,base rate,36.0,3.0,185.5
2006,21,Wollishofen,1,couple rate,159.0,25.0,498.0
2006,21,Wollishofen,2,single parent family rate,10.0,0.0,70.5
2006,23,Leimbach,0,base rate,30.0,1.0,164.0
2006,23,Leimbach,1,couple rate,120.0,15.0,359.0
2006,23,Leimbach,2,single parent family rate,10.0,0.0,57.0
2006,24,Enge,0,base rate,44.0,3.0,255.0
2006,24,Enge,1,couple rate,269.0,31.0,947.0
2006,24,Enge,2,single parent family rate,26.0,0.0,200.0
2006,31,Alt-Wiedikon,0,base rate,26.0,0.0,119.0
2006,31,Alt-Wiedikon,1,couple rate,66.5,0.0,306.0
2006,31,Alt-Wiedikon,2,single parent family rate,6.0,0.0,56.0
2006,33,Friesenberg,0,base rate,17.0,0.0,92.0
2006,33,Friesenberg,1,couple rate,70.0,4.0,217.0
2006,33,Friesenberg,2,single parent family rate,6.0,0.0,40.0
2006,34,Sihlfeld,0,base rate,17.0,0.0,99.0
2006,34,Sihlfeld,1,couple rate,30.0,0.0,185.0
2006,34,Sihlfeld,2,single parent family rate,1.0,0.0,33.0
2006,41,Werd,0,base rate,19.0,0.0,90.0
2006,41,Werd,1,couple rate,20.0,0.0,220.0
2006,41,Werd,2,single parent family rate,23.0,0.0,130.0
2006,42,Langstrasse,0,base rate,6.0,0.0,56.0
2006,42,Langstrasse,1,couple rate,2.0,0.0,97.0
2006,42,Langstrasse,2,single parent family rate,0.5,0.0,58.0
2006,44,Hard,0,base rate,5.0,0.0,52.0
2006,44,Hard,1,couple rate,1.0,0.0,78.0
2006,44,Hard,2,single parent family rate,0.0,0.0,9.0
2006,51,Gewerbeschule,0,base rate,14.0,0.0,75.0
2006,51,Gewerbeschule,1,couple rate,12.0,0.0,134.0
2006,51,Gewerbeschule,2,single parent family rate,9.0,0.0,80.0
2006,52,Escher Wyss,0,base rate,23.0,0.0,113.0
2006,52,Escher Wyss,1,couple rate,106.0,8.0,430.0
2006,52,Escher Wyss,2,single parent family rate,6.0,0.0,71.0
2006,61,Unterstrass,0,base rate,36.0,2.0,164.0
2006,61,Unterstrass,1,couple rate,122.0,19.0,395.0
2006,61,Unterstrass,2,single parent family rate,17.0,0.0,100.0
2006,63,Oberstrass,0,base rate,58.0,7.0,274.0
2006,63,Oberstrass,1,couple rate,356.0,83.0,1114.5
2006,63,Oberstrass,2,single parent family rate,56.0,6.0,229.0
2006,71,Fluntern,0,base rate,90.5,9.0,491.0
2006,71,Fluntern,1,couple rate,699.0,153.0,2432.0
2006,71,Fluntern,2,single parent family rate,64.5,0.0,308.0
2006,72,Hottingen,0,base rate,58.0,5.0,326.0
2006,72,Hottingen,1,couple rate,399.0,100.0,1367.0
2006,72,Hottingen,2,single parent family rate,48.5,7.0,244.5
2006,73,Hirslanden,0,base rate,50.0,6.0,243.0
2006,73,Hirslanden,1,couple rate,267.0,56.0,930.0
2006,73,Hirslanden,2,single parent family rate,39.0,1.0,185.0
2006,74,Witikon,0,base rate,84.0,9.0,390.0
2006,74,Witikon,1,couple rate,313.0,76.0,1012.0
2006,74,Witikon,2,single parent family rate,28.0,0.0,220.0
2006,81,Seefeld,0,base rate,43.0,2.0,214.0
2006,81,Seefeld,1,couple rate,214.5,31.0,852.0
2006,81,Seefeld,2,single parent family rate,45.0,0.0,135.0
2006,82,Mühlebach,0,base rate,44.0,3.0,214.5
2006,82,Mühlebach,1,couple rate,210.0,40.0,687.0
2006,82,Mühlebach,2,single parent family rate,20.5,0.0,191.5
2006,83,Weinegg,0,base rate,49.0,3.0,264.0
2006,83,Weinegg,1,couple rate,232.5,35.0,826.0
2006,83,Weinegg,2,single parent family rate,15.0,0.0,107.0
2006,91,Albisrieden,0,base rate,29.0,0.0,147.0
2006,91,Albisrieden,1,couple rate,112.0,10.0,369.0
2006,91,Albisrieden,2,single parent family rate,5.0,0.0,50.0
2006,92,Altstetten,0,base rate,14.0,0.0,97.0
2006,92,Altstetten,1,couple rate,40.0,0.0,212.0
2006,92,Altstetten,2,single parent family rate,0.0,0.0,24.5
2006,101,Höngg,0,base rate,49.0,5.0,237.0
2006,101,Höngg,1,couple rate,208.0,45.0,607.0
2006,101,Höngg,2,single parent family rate,17.0,0.0,93.0
2006,102,Wipkingen,0,base rate,25.0,0.0,118.0
2006,102,Wipkingen,1,couple rate,76.0,0.0,340.0
2006,102,Wipkingen,2,single parent family rate,14.0,0.0,66.0
2006,111,Affoltern,0,base rate,17.0,0.0,97.0
2006,111,Affoltern,1,couple rate,70.0,0.0,251.5
2006,111,Affoltern,2,single parent family rate,3.0,0.0,33.0
2006,115,Oerlikon,0,base rate,24.0,0.0,127.0
2006,115,Oerlikon,1,couple rate,89.0,1.0,343.0
2006,115,Oerlikon,2,single parent family rate,8.0,0.0,62.0
2006,119,Seebach,0,base rate,11.0,0.0,80.0
2006,119,Seebach,1,couple rate,39.0,0.0,226.0
2006,119,Seebach,2,single parent family rate,0.0,0.0,23.0
2006,121,Saatlen,0,base rate,11.0,0.0,72.0
2006,121,Saatlen,1,couple rate,30.0,0.0,146.0
2006,121,Saatlen,2,single parent family rate,1.0,0.0,21.0
2006,122,Schwamendingen-Mitte,0,base rate,9.0,0.0,79.0
2006,122,Schwamendingen-Mitte,1,couple rate,23.0,0.0,186.0
2006,122,Schwamendingen-Mitte,2,single parent family rate,0.0,0.0,11.0
2006,123,Hirzenbach,0,base rate,11.0,0.0,70.375
2006,123,Hirzenbach,1,couple rate,30.0,0.0,163.0
2006,123,Hirzenbach,2,single parent family rate,0.0,0.0,11.0
2007,11,Rathaus,0,base rate,25.0,0.0,190.0
2007,11,Rathaus,1,couple rate,288.5,57.0,992.0
2007,11,Rathaus,2,single parent family rate,71.0,3.5,237.0
2007,12,Hochschulen,0,base rate,60.0,3.0,332.0
2007,12,Hochschulen,1,couple rate,337.0,26.0,1159.0
2007,12,Hochschulen,2,single parent family rate,25.5,0.0,330.0
2007,13,Lindenhof,0,base rate,59.0,3.0,336.0
2007,13,Lindenhof,1,couple rate,442.0,91.0,1677.0
2007,13,Lindenhof,2,single parent family rate,85.0,8.0,1147.0
2007,14,City,0,base rate,18.0,0.0,113.0
2007,14,City,1,couple rate,140.0,9.0,517.0
2007,14,City,2,single parent family rate,45.5,3.5,167.5
2007,21,Wollishofen,0,base rate,36.0,3.0,187.0
2007,21,Wollishofen,1,couple rate,168.0,25.0,510.0
2007,21,Wollishofen,2,single parent family rate,15.0,0.0,76.0
2007,23,Leimbach,0,base rate,31.0,1.0,160.0
2007,23,Leimbach,1,couple rate,114.5,11.0,363.0
2007,23,Leimbach,2,single parent family rate,6.5,0.0,42.5
2007,24,Enge,0,base rate,49.0,3.0,263.0
2007,24,Enge,1,couple rate,271.0,38.0,917.0
2007,24,Enge,2,single parent family rate,26.0,0.0,157.0
2007,31,Alt-Wiedikon,0,base rate,27.0,0.0,119.0
2007,31,Alt-Wiedikon,1,couple rate,68.0,0.0,323.5
2007,31,Alt-Wiedikon,2,single parent family rate,7.0,0.0,72.0
2007,33,Friesenberg,0,base rate,17.0,0.0,90.0
2007,33,Friesenberg,1,couple rate,74.0,5.0,226.0
2007,33,Friesenberg,2,single parent family rate,9.0,0.0,50.0
2007,34,Sihlfeld,0,base rate,18.0,0.0,96.0
2007,34,Sihlfeld,1,couple rate,29.0,0.0,186.0
2007,34,Sihlfeld,2,single parent family rate,2.0,0.0,39.0
2007,41,Werd,0,base rate,21.0,0.0,93.0
2007,41,Werd,1,couple rate,37.0,0.0,248.0
2007,41,Werd,2,single parent family rate,18.0,0.0,77.0
2007,42,Langstrasse,0,base rate,7.0,0.0,56.0
2007,42,Langstrasse,1,couple rate,5.0,0.0,116.0
2007,42,Langstrasse,2,single parent family rate,0.0,0.0,36.0
2007,44,Hard,0,base rate,6.0,0.0,50.0
2007,44,Hard,1,couple rate,2.0,0.0,74.0
2007,44,Hard,2,single parent family rate,0.0,0.0,7.0
2007,51,Gewerbeschule,0,base rate,15.0,0.0,80.0
2007,51,Gewerbeschule,1,couple rate,19.0,0.0,141.5
2007,51,Gewerbeschule,2,single parent family rate,10.0,0.0,65.0
2007,52,Escher Wyss,0,base rate,26.0,0.0,117.0
2007,52,Escher Wyss,1,couple rate,119.0,9.0,431.0
2007,52,Escher Wyss,2,single parent family rate,13.0,0.0,78.0
2007,61,Unterstrass,0,base rate,37.0,3.0,159.0
2007,61,Unterstrass,1,couple rate,127.0,18.0,415.0
2007,61,Unterstrass,2,single parent family rate,20.0,0.0,104.0
2007,63,Oberstrass,0,base rate,62.0,8.0,290.0
2007,63,Oberstrass,1,couple rate,369.5,77.0,1119.0
2007,63,Oberstrass,2,single parent family rate,55.5,6.5,263.0
2007,71,Fluntern,0,base rate,95.0,10.0,507.0
2007,71,Fluntern,1,couple rate,684.0,158.0,2415.0
2007,71,Fluntern,2,single parent family rate,91.0,2.0,363.0
2007,72,Hottingen,0,base rate,62.0,6.0,334.0
2007,72,Hottingen,1,couple rate,432.0,103.0,1473.0
2007,72,Hottingen,2,single parent family rate,52.0,5.0,272.0
2007,73,Hirslanden,0,base rate,52.0,7.0,241.0
2007,73,Hirslanden,1,couple rate,271.0,57.0,1000.0
2007,73,Hirslanden,2,single parent family rate,34.5,0.0,209.0
2007,74,Witikon,0,base rate,82.0,8.0,385.0
2007,74,Witikon,1,couple rate,309.0,70.0,1013.0
2007,74,Witikon,2,single parent family rate,28.0,0.0,228.0
2007,81,Seefeld,0,base rate,45.0,1.0,220.0
2007,81,Seefeld,1,couple rate,205.0,27.0,840.0
2007,81,Seefeld,2,single parent family rate,50.5,2.5,186.0
2007,82,Mühlebach,0,base rate,47.0,4.0,217.0
2007,82,Mühlebach,1,couple rate,207.5,35.5,728.0
2007,82,Mühlebach,2,single parent family rate,26.0,0.0,231.0
2007,83,Weinegg,0,base rate,47.0,4.0,263.0
2007,83,Weinegg,1,couple rate,245.0,38.0,898.0
2007,83,Weinegg,2,single parent family rate,35.0,1.0,180.0
2007,91,Albisrieden,0,base rate,29.0,1.0,145.0
2007,91,Albisrieden,1,couple rate,112.0,11.0,377.0
2007,91,Albisrieden,2,single parent family rate,7.0,0.0,59.5
2007,92,Altstetten,0,base rate,14.0,0.0,97.0
2007,92,Altstetten,1,couple rate,37.0,0.0,212.0
2007,92,Altstetten,2,single parent family rate,0.0,0.0,22.0
2007,101,Höngg,0,base rate,49.0,5.0,237.5
2007,101,Höngg,1,couple rate,219.0,45.0,635.0
2007,101,Höngg,2,single parent family rate,17.0,0.0,102.0
2007,102,Wipkingen,0,base rate,26.0,1.0,119.0
2007,102,Wipkingen,1,couple rate,83.0,1.5,372.5
2007,102,Wipkingen,2,single parent family rate,14.0,0.0,74.0
2007,111,Affoltern,0,base rate,15.0,0.0,92.0
2007,111,Affoltern,1,couple rate,61.0,0.0,237.0
2007,111,Affoltern,2,single parent family rate,2.0,0.0,29.0
2007,115,Oerlikon,0,base rate,25.0,0.0,129.0
2007,115,Oerlikon,1,couple rate,95.0,2.0,368.0
2007,115,Oerlikon,2,single parent family rate,5.0,0.0,58.5
2007,119,Seebach,0,base rate,12.0,0.0,82.0
2007,119,Seebach,1,couple rate,42.0,0.0,235.0
2007,119,Seebach,2,single parent family rate,0.0,0.0,21.5
2007,121,Saatlen,0,base rate,11.0,0.0,71.0
2007,121,Saatlen,1,couple rate,28.0,0.0,147.0
2007,121,Saatlen,2,single parent family rate,0.0,0.0,18.0
2007,122,Schwamendingen-Mitte,0,base rate,9.0,0.0,77.0
2007,122,Schwamendingen-Mitte,1,couple rate,24.0,0.0,186.0
2007,122,Schwamendingen-Mitte,2,single parent family rate,0.0,0.0,9.5
2007,123,Hirzenbach,0,base rate,10.0,0.0,69.0
2007,123,Hirzenbach,1,couple rate,27.0,0.0,152.0
2007,123,Hirzenbach,2,single parent family rate,0.0,0.0,14.0
2008,11,Rathaus,0,base rate,28.0,0.0,182.0
2008,11,Rathaus,1,couple rate,268.0,63.0,1005.0
2008,11,Rathaus,2,single parent family rate,72.0,0.0,298.0
2008,12,Hochschulen,0,base rate,47.0,2.0,282.0
2008,12,Hochschulen,1,couple rate,235.0,38.0,1028.0
2008,12,Hochschulen,2,single parent family rate,126.0,5.5,433.0
2008,13,Lindenhof,0,base rate,55.5,4.0,341.0
2008,13,Lindenhof,1,couple rate,474.0,113.0,1655.0
2008,13,Lindenhof,2,single parent family rate,133.0,16.0,349.0
2008,14,City,0,base rate,19.0,0.0,115.0
2008,14,City,1,couple rate,76.0,16.0,524.0
2008,14,City,2,single parent family rate,59.0,17.0,253.0
2008,21,Wollishofen,0,base rate,35.0,3.0,171.0
2008,21,Wollishofen,1,couple rate,163.0,27.0,481.0
2008,21,Wollishofen,2,single parent family rate,18.0,0.0,96.0
2008,23,Leimbach,0,base rate,30.0,1.0,156.0
2008,23,Leimbach,1,couple rate,100.0,11.0,312.0
2008,23,Leimbach,2,single parent family rate,4.0,0.0,41.0
2008,24,Enge,0,base rate,45.0,3.0,230.0
2008,24,Enge,1,couple rate,250.0,39.0,851.0
2008,24,Enge,2,single parent family rate,34.0,0.0,147.5
2008,31,Alt-Wiedikon,0,base rate,28.0,1.0,113.0
2008,31,Alt-Wiedikon,1,couple rate,69.0,1.0,305.0
2008,31,Alt-Wiedikon,2,single parent family rate,9.0,0.0,102.0
2008,33,Friesenberg,0,base rate,18.0,0.0,87.0
2008,33,Friesenberg,1,couple rate,77.0,8.0,224.0
2008,33,Friesenberg,2,single parent family rate,8.0,0.0,40.0
2008,34,Sihlfeld,0,base rate,18.0,0.0,91.0
2008,34,Sihlfeld,1,couple rate,25.5,0.0,178.0
2008,34,Sihlfeld,2,single parent family rate,2.0,0.0,34.0
2008,41,Werd,0,base rate,19.0,0.0,88.0
2008,41,Werd,1,couple rate,35.0,0.0,229.0
2008,41,Werd,2,single parent family rate,11.0,0.0,69.0
2008,42,Langstrasse,0,base rate,8.0,0.0,56.0
2008,42,Langstrasse,1,couple rate,7.0,0.0,121.0
2008,42,Langstrasse,2,single parent family rate,1.0,0.0,48.0
2008,44,Hard,0,base rate,7.0,0.0,51.0
2008,44,Hard,1,couple rate,2.0,0.0,66.5
2008,44,Hard,2,single parent family rate,0.0,0.0,14.0
2008,51,Gewerbeschule,0,base rate,15.0,0.0,77.0
2008,51,Gewerbeschule,1,couple rate,21.0,0.0,152.5
2008,51,Gewerbeschule,2,single parent family rate,11.5,0.0,74.5
2008,52,Escher Wyss,0,base rate,26.0,0.0,111.0
2008,52,Escher Wyss,1,couple rate,90.0,5.0,373.0
2008,52,Escher Wyss,2,single parent family rate,16.0,0.0,105.0
2008,61,Unterstrass,0,base rate,36.0,3.0,149.0
2008,61,Unterstrass,1,couple rate,128.0,18.0,394.0
2008,61,Unterstrass,2,single parent family rate,20.5,0.0,103.0
2008,63,Oberstrass,0,base rate,59.0,8.0,259.0
2008,63,Oberstrass,1,couple rate,346.5,82.5,1059.0
2008,63,Oberstrass,2,single parent family rate,55.0,6.0,242.0
2008,71,Fluntern,0,base rate,87.0,10.0,464.0
2008,71,Fluntern,1,couple rate,631.0,149.0,2114.0
2008,71,Fluntern,2,single parent family rate,71.0,0.0,308.0
2008,72,Hottingen,0,base rate,55.0,5.0,301.0
2008,72,Hottingen,1,couple rate,380.0,94.0,1245.0
2008,72,Hottingen,2,single parent family rate,77.0,6.0,299.0
2008,73,Hirslanden,0,base rate,49.0,6.0,233.0
2008,73,Hirslanden,1,couple rate,265.5,54.5,939.0
2008,73,Hirslanden,2,single parent family rate,28.0,0.0,163.0
2008,74,Witikon,0,base rate,78.0,9.0,349.0
2008,74,Witikon,1,couple rate,303.0,65.0,946.0
2008,74,Witikon,2,single parent family rate,31.5,0.0,185.0
2008,81,Seefeld,0,base rate,50.0,3.0,210.0
2008,81,Seefeld,1,couple rate,200.0,39.0,788.0
2008,81,Seefeld,2,single parent family rate,46.0,2.0,179.0
2008,82,Mühlebach,0,base rate,45.0,4.0,199.0
2008,82,Mühlebach,1,couple rate,223.5,42.0,711.0
2008,82,Mühlebach,2,single parent family rate,44.0,3.0,278.0
2008,83,Weinegg,0,base rate,43.0,3.0,227.0
2008,83,Weinegg,1,couple rate,245.5,44.0,810.5
2008,83,Weinegg,2,single parent family rate,20.0,0.0,120.0
2008,91,Albisrieden,0,base rate,28.0,1.0,132.0
2008,91,Albisrieden,1,couple rate,112.0,11.0,364.0
2008,91,Albisrieden,2,single parent family rate,11.0,0.0,74.0
2008,92,Altstetten,0,base rate,13.0,0.0,89.0
2008,92,Altstetten,1,couple rate,35.0,0.0,200.0
2008,92,Altstetten,2,single parent family rate,0.0,0.0,22.0
2008,101,Höngg,0,base rate,48.0,5.0,223.0
2008,101,Höngg,1,couple rate,208.0,41.0,587.0
2008,101,Höngg,2,single parent family rate,21.0,0.0,111.0
2008,102,Wipkingen,0,base rate,28.0,1.0,113.0
2008,102,Wipkingen,1,couple rate,76.5,1.0,322.0
2008,102,Wipkingen,2,single parent family rate,13.0,0.0,79.0
2008,111,Affoltern,0,base rate,14.0,0.0,83.0
2008,111,Affoltern,1,couple rate,55.0,0.0,216.0
2008,111,Affoltern,2,single parent family rate,1.0,0.0,29.0
2008,115,Oerlikon,0,base rate,25.0,0.0,125.0
2008,115,Oerlikon,1,couple rate,85.0,2.0,343.0
2008,115,Oerlikon,2,single parent family rate,8.0,0.0,63.0
2008,119,Seebach,0,base rate,13.0,0.0,82.0
2008,119,Seebach,1,couple rate,40.0,0.0,223.5
2008,119,Seebach,2,single parent family rate,0.0,0.0,22.0
2008,121,Saatlen,0,base rate,10.0,0.0,66.0
2008,121,Saatlen,1,couple rate,24.5,0.0,140.0
2008,121,Saatlen,2,single parent family rate,1.0,0.0,21.0
2008,122,Schwamendingen-Mitte,0,base rate,10.0,0.0,76.0
2008,122,Schwamendingen-Mitte,1,couple rate,20.0,0.0,182.5
2008,122,Schwamendingen-Mitte,2,single parent family rate,0.0,0.0,10.0
2008,123,Hirzenbach,0,base rate,9.0,0.0,60.0
2008,123,Hirzenbach,1,couple rate,23.0,0.0,137.0
2008,123,Hirzenbach,2,single parent family rate,0.0,0.0,12.0
2009,11,Rathaus,0,base rate,34.0,0.0,206.0
2009,11,Rathaus,1,couple rate,310.5,59.0,1087.0
2009,11,Rathaus,2,single parent family rate,101.0,5.0,236.0
2009,12,Hochschulen,0,base rate,44.0,3.0,321.0
2009,12,Hochschulen,1,couple rate,284.5,22.0,1202.0
2009,12,Hochschulen,2,single parent family rate,45.5,8.0,181.0
2009,13,Lindenhof,0,base rate,69.0,4.0,401.0
2009,13,Lindenhof,1,couple rate,422.0,77.0,1886.0
2009,13,Lindenhof,2,single parent family rate,131.5,20.0,786.0
2009,14,City,0,base rate,20.0,0.0,113.0
2009,14,City,1,couple rate,100.0,13.5,578.0
2009,14,City,2,single parent family rate,34.0,9.0,152.0
2009,21,Wollishofen,0,base rate,37.0,3.0,173.0
2009,21,Wollishofen,1,couple rate,179.0,30.0,527.0
2009,21,Wollishofen,2,single parent family rate,19.0,0.0,105.0
2009,23,Leimbach,0,base rate,30.0,0.0,158.0
2009,23,Leimbach,1,couple rate,122.5,15.0,355.5
2009,23,Leimbach,2,single parent family rate,7.0,0.0,49.5
2009,24,Enge,0,base rate,52.0,4.0,264.0
2009,24,Enge,1,couple rate,269.0,45.0,911.0
2009,24,Enge,2,single parent family rate,44.0,1.0,183.5
2009,31,Alt-Wiedikon,0,base rate,30.0,1.0,126.0
2009,31,Alt-Wiedikon,1,couple rate,81.0,2.0,333.5
2009,31,Alt-Wiedikon,2,single parent family rate,14.5,0.0,122.0
2009,33,Friesenberg,0,base rate,19.0,0.0,93.0
2009,33,Friesenberg,1,couple rate,82.5,8.0,242.0
2009,33,Friesenberg,2,single parent family rate,7.0,0.0,49.0
2009,34,Sihlfeld,0,base rate,18.0,0.0,96.0
2009,34,Sihlfeld,1,couple rate,28.0,0.0,186.0
2009,34,Sihlfeld,2,single parent family rate,1.0,0.0,37.5
2009,41,Werd,0,base rate,23.0,0.0,103.0
2009,41,Werd,1,couple rate,41.0,0.0,215.0
2009,41,Werd,2,single parent family rate,21.0,0.0,81.5
2009,42,Langstrasse,0,base rate,9.0,0.0,62.0
2009,42,Langstrasse,1,couple rate,8.0,0.0,130.0
2009,42,Langstrasse,2,single parent family rate,0.0,0.0,66.0
2009,44,Hard,0,base rate,7.0,0.0,53.0
2009,44,Hard,1,couple rate,3.0,0.0,68.0
2009,44,Hard,2,single parent family rate,0.0,0.0,16.0
2009,51,Gewerbeschule,0,base rate,15.0,0.0,82.0
2009,51,Gewerbeschule,1,couple rate,25.0,0.0,174.0
2009,51,Gewerbeschule,2,single parent family rate,17.5,0.0,85.0
2009,52,Escher Wyss,0,base rate,29.0,1.0,138.0
2009,52,Escher Wyss,1,couple rate,133.0,8.0,435.0
2009,52,Escher Wyss,2,single parent family rate,39.0,1.0,120.0
2009,61,Unterstrass,0,base rate,37.0,3.0,155.0
2009,61,Unterstrass,1,couple rate,139.0,24.0,429.5
2009,61,Unterstrass,2,single parent family rate,23.0,0.0,117.0
2009,63,Oberstrass,0,base rate,63.0,9.0,281.0
2009,63,Oberstrass,1,couple rate,405.0,107.0,1214.0
2009,63,Oberstrass,2,single parent family rate,68.0,12.5,265.0
2009,71,Fluntern,0,base rate,86.0,10.0,501.0
2009,71,Fluntern,1,couple rate,705.0,165.0,2360.0
2009,71,Fluntern,2,single parent family rate,101.0,5.0,478.0
2009,72,Hottingen,0,base rate,64.0,7.0,324.5
2009,72,Hottingen,1,couple rate,446.0,111.0,1449.0
2009,72,Hottingen,2,single parent family rate,118.5,12.0,385.0
2009,73,Hirslanden,0,base rate,49.0,6.0,233.0
2009,73,Hirslanden,1,couple rate,310.0,64.0,1065.0
2009,73,Hirslanden,2,single parent family rate,40.0,1.0,191.0
2009,74,Witikon,0,base rate,78.0,9.0,371.0
2009,74,Witikon,1,couple rate,359.0,73.0,1091.0
2009,74,Witikon,2,single parent family rate,45.0,1.0,205.0
2009,81,Seefeld,0,base rate,57.0,4.0,237.0
2009,81,Seefeld,1,couple rate,225.0,51.0,809.0
2009,81,Seefeld,2,single parent family rate,52.5,0.0,267.0
2009,82,Mühlebach,0,base rate,52.0,5.0,211.0
2009,82,Mühlebach,1,couple rate,257.0,54.0,847.0
2009,82,Mühlebach,2,single parent family rate,30.0,0.0,244.0
2009,83,Weinegg,0,base rate,46.0,3.0,236.0
2009,83,Weinegg,1,couple rate,284.0,52.0,937.0
2009,83,Weinegg,2,single parent family rate,59.0,5.0,159.0
2009,91,Albisrieden,0,base rate,30.0,1.0,144.0
2009,91,Albisrieden,1,couple rate,124.0,13.0,400.0
2009,91,Albisrieden,2,single parent family rate,15.0,0.0,91.0
2009,92,Altstetten,0,base rate,14.0,0.0,93.0
2009,92,Altstetten,1,couple rate,41.0,0.0,221.5
2009,92,Altstetten,2,single parent family rate,0.0,0.0,24.0
2009,101,Höngg,0,base rate,51.0,5.0,239.0
2009,101,Höngg,1,couple rate,234.0,51.0,666.5
2009,101,Höngg,2,single parent family rate,25.5,0.0,146.5
2009,102,Wipkingen,0,base rate,29.0,2.0,121.5
2009,102,Wipkingen,1,couple rate,96.0,5.0,371.0
2009,102,Wipkingen,2,single parent family rate,21.5,0.0,105.0
2009,111,Affoltern,0,base rate,15.0,0.0,89.0
2009,111,Affoltern,1,couple rate,59.0,0.0,229.0
2009,111,Affoltern,2,single parent family rate,3.0,0.0,35.0
2009,115,Oerlikon,0,base rate,27.0,0.0,135.0
2009,115,Oerlikon,1,couple rate,107.0,3.0,392.0
2009,115,Oerlikon,2,single parent family rate,10.5,0.0,73.0
2009,119,Seebach,0,base rate,14.0,0.0,88.5
2009,119,Seebach,1,couple rate,46.0,0.0,244.0
2009,119,Seebach,2,single parent family rate,0.0,0.0,29.0
2009,121,Saatlen,0,base rate,10.0,0.0,64.5
2009,121,Saatlen,1,couple rate,27.0,0.0,151.0
2009,121,Saatlen,2,single parent family rate,1.0,0.0,25.0
2009,122,Schwamendingen-Mitte,0,base rate,11.0,0.0,77.0
2009,122,Schwamendingen-Mitte,1,couple rate,19.0,0.0,184.0
2009,122,Schwamendingen-Mitte,2,single parent family rate,0.0,0.0,7.0
2009,123,Hirzenbach,0,base rate,9.0,0.0,63.0
2009,123,Hirzenbach,1,couple rate,23.0,0.0,143.0
2009,123,Hirzenbach,2,single parent family rate,0.0,0.0,14.0
2010,11,Rathaus,0,base rate,33.0,0.0,194.0
2010,11,Rathaus,1,couple rate,307.5,54.0,1013.0
2010,11,Rathaus,2,single parent family rate,96.0,3.0,403.0
2010,12,Hochschulen,0,base rate,45.0,4.0,336.0
2010,12,Hochschulen,1,couple rate,334.5,57.0,1453.0
2010,12,Hochschulen,2,single parent family rate,46.5,0.0,147.0
2010,13,Lindenhof,0,base rate,69.0,2.0,395.0
2010,13,Lindenhof,1,couple rate,384.5,93.0,1494.0
2010,13,Lindenhof,2,single parent family rate,123.0,13.0,452.0
2010,14,City,0,base rate,18.5,0.0,114.0
2010,14,City,1,couple rate,155.0,9.0,672.0
2010,14,City,2,single parent family rate,15.5,3.5,87.5
2010,21,Wollishofen,0,base rate,37.0,3.0,176.0
2010,21,Wollishofen,1,couple rate,186.0,37.0,545.0
2010,21,Wollishofen,2,single parent family rate,17.0,0.0,90.0
2010,23,Leimbach,0,base rate,30.0,1.0,148.5
2010,23,Leimbach,1,couple rate,128.0,15.0,370.0
2010,23,Leimbach,2,single parent family rate,6.0,0.0,38.0
2010,24,Enge,0,base rate,52.0,4.0,280.0
2010,24,Enge,1,couple rate,280.0,45.0,987.0
2010,24,Enge,2,single parent family rate,36.0,2.0,141.0
2010,31,Alt-Wiedikon,0,base rate,32.0,1.0,133.0
2010,31,Alt-Wiedikon,1,couple rate,92.0,2.0,372.0
2010,31,Alt-Wiedikon,2,single parent family rate,21.5,0.0,107.0
2010,33,Friesenberg,0,base rate,19.0,0.0,100.0
2010,33,Friesenberg,1,couple rate,81.0,7.0,249.5
2010,33,Friesenberg,2,single parent family rate,8.0,0.0,58.0
2010,34,Sihlfeld,0,base rate,18.0,0.0,97.0
2010,34,Sihlfeld,1,couple rate,32.0,0.0,193.0
2010,34,Sihlfeld,2,single parent family rate,3.0,0.0,47.0
2010,41,Werd,0,base rate,22.0,0.0,106.0
2010,41,Werd,1,couple rate,40.5,0.0,224.0
2010,41,Werd,2,single parent family rate,25.0,0.0,108.0
2010,42,Langstrasse,0,base rate,9.0,0.0,65.0
2010,42,Langstrasse,1,couple rate,10.0,0.0,131.0
2010,42,Langstrasse,2,single parent family rate,3.0,0.0,70.0
2010,44,Hard,0,base rate,8.0,0.0,53.0
2010,44,Hard,1,couple rate,2.0,0.0,70.0
2010,44,Hard,2,single parent family rate,0.0,0.0,20.5
2010,51,Gewerbeschule,0,base rate,17.0,0.0,85.0
2010,51,Gewerbeschule,1,couple rate,28.0,0.0,192.0
2010,51,Gewerbeschule,2,single parent family rate,23.5,0.0,93.0
2010,52,Escher Wyss,0,base rate,29.0,0.0,142.0
2010,52,Escher Wyss,1,couple rate,145.5,13.0,431.0
2010,52,Escher Wyss,2,single parent family rate,52.0,0.0,182.0
2010,61,Unterstrass,0,base rate,38.0,3.0,157.0
2010,61,Unterstrass,1,couple rate,140.0,21.0,435.5
2010,61,Unterstrass,2,single parent family rate,26.5,0.0,132.0
2010,63,Oberstrass,0,base rate,59.0,8.0,278.0
2010,63,Oberstrass,1,couple rate,421.5,124.0,1187.0
2010,63,Oberstrass,2,single parent family rate,83.0,10.0,295.0
2010,71,Fluntern,0,base rate,86.0,10.0,492.0
2010,71,Fluntern,1,couple rate,716.0,170.5,2232.0
2010,71,Fluntern,2,single parent family rate,102.0,21.0,473.0
2010,72,Hottingen,0,base rate,65.0,6.0,328.0
2010,72,Hottingen,1,couple rate,456.0,109.0,1457.0
2010,72,Hottingen,2,single parent family rate,101.0,9.0,316.0
2010,73,Hirslanden,0,base rate,51.0,8.0,240.0
2010,73,Hirslanden,1,couple rate,303.0,59.0,1094.0
2010,73,Hirslanden,2,single parent family rate,30.0,0.0,160.0
2010,74,Witikon,0,base rate,79.0,8.0,381.5
2010,74,Witikon,1,couple rate,375.0,72.0,1156.0
2010,74,Witikon,2,single parent family rate,45.0,0.0,193.5
2010,81,Seefeld,0,base rate,60.0,5.0,248.0
2010,81,Seefeld,1,couple rate,263.5,58.0,897.0
2010,81,Seefeld,2,single parent family rate,51.0,4.0,258.0
2010,82,Mühlebach,0,base rate,53.0,5.0,217.0
2010,82,Mühlebach,1,couple rate,248.5,61.0,816.0
2010,82,Mühlebach,2,single parent family rate,28.0,0.0,192.0
2010,83,Weinegg,0,base rate,50.0,4.0,261.0
2010,83,Weinegg,1,couple rate,286.0,54.0,979.0
2010,83,Weinegg,2,single parent family rate,57.0,4.0,196.5
2010,91,Albisrieden,0,base rate,31.0,1.0,145.0
2010,91,Albisrieden,1,couple rate,121.0,11.0,412.0
2010,91,Albisrieden,2,single parent family rate,23.0,0.0,110.0
2010,92,Altstetten,0,base rate,14.0,0.0,92.0
2010,92,Altstetten,1,couple rate,39.0,0.0,220.0
2010,92,Altstetten,2,single parent family rate,0.0,0.0,23.0
2010,101,Höngg,0,base rate,52.0,6.0,246.0
2010,101,Höngg,1,couple rate,238.0,50.0,684.0
2010,101,Höngg,2,single parent family rate,30.0,0.0,125.0
2010,102,Wipkingen,0,base rate,30.0,2.0,125.0
2010,102,Wipkingen,1,couple rate,105.0,5.0,391.0
2010,102,Wipkingen,2,single parent family rate,19.0,0.0,92.0
2010,111,Affoltern,0,base rate,15.0,0.0,92.0
2010,111,Affoltern,1,couple rate,61.0,0.0,231.0
2010,111,Affoltern,2,single parent family rate,1.0,0.0,36.0
2010,115,Oerlikon,0,base rate,28.0,0.0,137.0
2010,115,Oerlikon,1,couple rate,116.0,4.0,400.0
2010,115,Oerlikon,2,single parent family rate,13.0,0.0,90.0
2010,119,Seebach,0,base rate,14.0,0.0,87.0
2010,119,Seebach,1,couple rate,45.0,0.0,238.0
2010,119,Seebach,2,single parent family rate,0.0,0.0,27.0
2010,121,Saatlen,0,base rate,10.0,0.0,63.0
2010,121,Saatlen,1,couple rate,29.0,0.0,157.0
2010,121,Saatlen,2,single parent family rate,0.0,0.0,21.0
2010,122,Schwamendingen-Mitte,0,base rate,11.0,0.0,75.5
2010,122,Schwamendingen-Mitte,1,couple rate,19.0,0.0,185.0
2010,122,Schwamendingen-Mitte,2,single parent family rate,0.0,0.0,7.0
2010,123,Hirzenbach,0,base rate,11.0,0.0,65.0
2010,123,Hirzenbach,1,couple rate,23.0,0.0,140.5
2010,123,Hirzenbach,2,single parent family rate,0.0,0.0,14.0
2011,11,Rathaus,0,base rate,43.0,1.0,225.0
2011,11,Rathaus,1,couple rate,324.5,64.0,1095.0
2011,11,Rathaus,2,single parent family rate,73.0,8.0,445.0
2011,12,Hochschulen,0,base rate,62.5,8.0,369.0
2011,12,Hochschulen,1,couple rate,337.5,55.0,1415.5
2011,12,Hochschulen,2,single parent family rate,244.5,91.0,776.0
2011,13,Lindenhof,0,base rate,62.5,3.0,411.0
2011,13,Lindenhof,1,couple rate,415.0,104.0,1720.0
2011,13,Lindenhof,2,single parent family rate,114.0,8.5,674.0
2011,14,City,0,base rate,20.0,2.0,129.0
2011,14,City,1,couple rate,208.5,18.0,821.5
2011,14,City,2,single parent family rate,29.0,5.0,148.0
2011,21,Wollishofen,0,base rate,36.0,3.0,174.0
2011,21,Wollishofen,1,couple rate,178.5,30.0,562.0
2011,21,Wollishofen,2,single parent family rate,19.0,0.0,101.0
2011,23,Leimbach,0,base rate,30.0,1.0,152.0
2011,23,Leimbach,1,couple rate,117.5,15.0,371.0
2011,23,Leimbach,2,single parent family rate,4.0,0.0,44.0
2011,24,Enge,0,base rate,57.0,4.0,294.0
2011,24,Enge,1,couple rate,283.0,49.0,1001.0
2011,24,Enge,2,single parent family rate,47.0,3.0,170.0
2011,31,Alt-Wiedikon,0,base rate,34.0,1.0,142.0
2011,31,Alt-Wiedikon,1,couple rate,105.0,4.0,404.0
2011,31,Alt-Wiedikon,2,single parent family rate,16.0,0.0,97.0
2011,33,Friesenberg,0,base rate,19.0,0.0,100.0
2011,33,Friesenberg,1,couple rate,83.0,6.0,260.0
2011,33,Friesenberg,2,single parent family rate,10.0,0.0,55.0
2011,34,Sihlfeld,0,base rate,20.0,0.0,103.0
2011,34,Sihlfeld,1,couple rate,33.0,0.0,200.0
2011,34,Sihlfeld,2,single parent family rate,2.0,0.0,46.0
2011,41,Werd,0,base rate,26.0,0.0,110.0
2011,41,Werd,1,couple rate,47.0,0.0,257.0
2011,41,Werd,2,single parent family rate,29.5,0.0,142.0
2011,42,Langstrasse,0,base rate,10.0,0.0,67.0
2011,42,Langstrasse,1,couple rate,10.5,0.0,159.0
2011,42,Langstrasse,2,single parent family rate,12.0,0.0,103.0
2011,44,Hard,0,base rate,8.0,0.0,54.0
2011,44,Hard,1,couple rate,3.0,0.0,72.0
2011,44,Hard,2,single parent family rate,0.0,0.0,17.0
2011,51,Gewerbeschule,0,base rate,16.0,0.0,87.0
2011,51,Gewerbeschule,1,couple rate,33.0,0.0,216.0
2011,51,Gewerbeschule,2,single parent family rate,25.0,0.0,110.0
2011,52,Escher Wyss,0,base rate,32.0,0.0,148.0
2011,52,Escher Wyss,1,couple rate,146.0,12.0,455.0
2011,52,Escher Wyss,2,single parent family rate,58.0,0.0,251.0
2011,61,Unterstrass,0,base rate,37.0,2.0,164.0
2011,61,Unterstrass,1,couple rate,150.0,25.0,452.0
2011,61,Unterstrass,2,single parent family rate,30.0,0.0,153.0
2011,63,Oberstrass,0,base rate,61.0,8.0,285.0
2011,63,Oberstrass,1,couple rate,421.0,127.0,1237.0
2011,63,Oberstrass,2,single parent family rate,89.0,21.0,277.0
2011,71,Fluntern,0,base rate,90.0,9.0,524.0
2011,71,Fluntern,1,couple rate,732.0,176.0,2290.0
2011,71,Fluntern,2,single parent family rate,121.5,25.0,545.0
2011,72,Hottingen,0,base rate,68.0,5.0,342.0
2011,72,Hottingen,1,couple rate,458.0,110.0,1533.0
2011,72,Hottingen,2,single parent family rate,114.5,15.0,327.0
2011,73,Hirslanden,0,base rate,55.0,8.0,250.0
2011,73,Hirslanden,1,couple rate,317.5,67.5,1188.5
2011,73,Hirslanden,2,single parent family rate,40.0,0.0,182.0
2011,74,Witikon,0,base rate,81.0,8.0,391.0
2011,74,Witikon,1,couple rate,373.5,82.0,1172.0
2011,74,Witikon,2,single parent family rate,31.0,1.0,159.0
2011,81,Seefeld,0,base rate,60.0,6.0,257.0
2011,81,Seefeld,1,couple rate,263.5,55.5,873.0
2011,81,Seefeld,2,single parent family rate,45.5,0.0,242.0
2011,82,Mühlebach,0,base rate,55.0,4.0,242.0
2011,82,Mühlebach,1,couple rate,263.0,52.0,846.0
2011,82,Mühlebach,2,single parent family rate,48.5,0.0,228.0
2011,83,Weinegg,0,base rate,52.0,3.0,251.0
2011,83,Weinegg,1,couple rate,293.5,51.0,1034.0
2011,83,Weinegg,2,single parent family rate,50.0,7.0,185.0
2011,91,Albisrieden,0,base rate,30.0,1.0,144.0
2011,91,Albisrieden,1,couple rate,128.0,12.0,417.0
2011,91,Albisrieden,2,single parent family rate,18.5,0.0,98.0
2011,92,Altstetten,0,base rate,14.0,0.0,94.0
2011,92,Altstetten,1,couple rate,38.0,0.0,218.0
2011,92,Altstetten,2,single parent family rate,0.0,0.0,30.0
2011,101,Höngg,0,base rate,52.0,5.0,247.0
2011,101,Höngg,1,couple rate,240.0,52.0,689.0
2011,101,Höngg,2,single parent family rate,35.5,0.0,136.0
2011,102,Wipkingen,0,base rate,33.0,2.0,135.0
2011,102,Wipkingen,1,couple rate,105.0,7.0,390.0
2011,102,Wipkingen,2,single parent family rate,23.0,0.0,99.0
2011,111,Affoltern,0,base rate,16.0,0.0,90.0
2011,111,Affoltern,1,couple rate,58.0,0.0,227.0
2011,111,Affoltern,2,single parent family rate,2.0,0.0,37.0
2011,115,Oerlikon,0,base rate,30.0,0.0,140.0
2011,115,Oerlikon,1,couple rate,117.0,4.0,408.0
2011,115,Oerlikon,2,single parent family rate,12.0,0.0,85.0
2011,119,Seebach,0,base rate,14.0,0.0,93.0
2011,119,Seebach,1,couple rate,46.0,0.0,245.0
2011,119,Seebach,2,single parent family rate,0.0,0.0,25.0
2011,121,Saatlen,0,base rate,8.0,0.0,60.0
2011,121,Saatlen,1,couple rate,32.5,0.0,170.0
2011,121,Saatlen,2,single parent family rate,2.0,0.0,26.0
2011,122,Schwamendingen-Mitte,0,base rate,10.0,0.0,77.0
2011,122,Schwamendingen-Mitte,1,couple rate,18.0,0.0,186.0
2011,122,Schwamendingen-Mitte,2,single parent family rate,0.0,0.0,9.0
2011,123,Hirzenbach,0,base rate,10.0,0.0,64.0
2011,123,Hirzenbach,1,couple rate,22.0,0.0,143.0
2011,123,Hirzenbach,2,single parent family rate,0.0,0.0,12.0
2012,11,Rathaus,0,base rate,42.0,0.0,235.5
2012,11,Rathaus,1,couple rate,301.0,60.0,1165.0
2012,11,Rathaus,2,single parent family rate,63.0,6.0,229.0
2012,12,Hochschulen,0,base rate,50.0,8.0,385.0
2012,12,Hochschulen,1,couple rate,417.0,62.0,1934.0
2012,12,Hochschulen,2,single parent family rate,493.5,34.0,901.0
2012,13,Lindenhof,0,base rate,73.0,4.0,435.0
2012,13,Lindenhof,1,couple rate,419.5,99.0,1748.0
2012,13,Lindenhof,2,single parent family rate,159.0,11.0,505.0
2012,14,City,0,base rate,18.0,0.0,124.0
2012,14,City,1,couple rate,239.5,18.0,1002.0
2012,14,City,2,single parent family rate,33.0,11.0,193.0
2012,21,Wollishofen,0,base rate,36.0,2.0,176.0
2012,21,Wollishofen,1,couple rate,197.0,36.0,619.0
2012,21,Wollishofen,2,single parent family rate,21.5,0.0,104.5
2012,23,Leimbach,0,base rate,28.0,0.0,157.0
2012,23,Leimbach,1,couple rate,116.0,16.0,377.0
2012,23,Leimbach,2,single parent family rate,6.0,0.0,51.0
2012,24,Enge,0,base rate,54.0,4.0,295.0
2012,24,Enge,1,couple rate,302.0,52.0,1046.0
2012,24,Enge,2,single parent family rate,47.0,5.0,247.0
2012,31,Alt-Wiedikon,0,base rate,35.0,1.0,147.5
2012,31,Alt-Wiedikon,1,couple rate,116.0,5.0,438.0
2012,31,Alt-Wiedikon,2,single parent family rate,30.0,0.0,132.0
2012,33,Friesenberg,0,base rate,18.0,0.0,94.0
2012,33,Friesenberg,1,couple rate,86.0,7.0,278.0
2012,33,Friesenberg,2,single parent family rate,10.5,0.0,65.0
2012,34,Sihlfeld,0,base rate,21.0,0.0,108.0
2012,34,Sihlfeld,1,couple rate,38.0,0.0,213.0
2012,34,Sihlfeld,2,single parent family rate,6.0,0.0,58.0
2012,41,Werd,0,base rate,28.0,0.0,125.0
2012,41,Werd,1,couple rate,62.5,0.0,269.0
2012,41,Werd,2,single parent family rate,55.0,2.0,146.0
2012,42,Langstrasse,0,base rate,11.0,0.0,71.0
2012,42,Langstrasse,1,couple rate,19.5,0.0,177.0
2012,42,Langstrasse,2,single parent family rate,5.0,0.0,117.0
2012,44,Hard,0,base rate,8.0,0.0,58.0
2012,44,Hard,1,couple rate,3.0,0.0,73.0
2012,44,Hard,2,single parent family rate,1.0,0.0,24.0
2012,51,Gewerbeschule,0,base rate,19.0,0.0,96.0
2012,51,Gewerbeschule,1,couple rate,37.5,0.0,226.0
2012,51,Gewerbeschule,2,single parent family rate,30.0,0.0,117.0
2012,52,Escher Wyss,0,base rate,33.0,1.0,141.0
2012,52,Escher Wyss,1,couple rate,135.0,15.0,456.0
2012,52,Escher Wyss,2,single parent family rate,47.5,0.0,171.0
2012,61,Unterstrass,0,base rate,40.0,2.0,166.0
2012,61,Unterstrass,1,couple rate,160.0,24.0,489.5
2012,61,Unterstrass,2,single parent family rate,33.0,0.0,152.0
2012,63,Oberstrass,0,base rate,62.5,8.0,289.0
2012,63,Oberstrass,1,couple rate,446.0,136.0,1363.0
2012,63,Oberstrass,2,single parent family rate,90.0,16.0,308.0
2012,71,Fluntern,0,base rate,96.0,8.0,569.0
2012,71,Fluntern,1,couple rate,746.0,181.0,2384.0
2012,71,Fluntern,2,single parent family rate,106.0,17.0,601.0
2012,72,Hottingen,0,base rate,66.0,5.0,353.5
2012,72,Hottingen,1,couple rate,478.0,108.0,1604.0
2012,72,Hottingen,2,single parent family rate,122.0,15.5,404.5
2012,73,Hirslanden,0,base rate,57.0,8.0,274.0
2012,73,Hirslanden,1,couple rate,315.0,80.0,1242.0
2012,73,Hirslanden,2,single parent family rate,35.5,0.0,175.0
2012,74,Witikon,0,base rate,75.0,7.0,385.0
2012,74,Witikon,1,couple rate,374.5,90.0,1196.0
2012,74,Witikon,2,single parent family rate,46.0,2.0,196.0
2012,81,Seefeld,0,base rate,68.0,6.0,279.0
2012,81,Seefeld,1,couple rate,303.0,68.0,983.0
2012,81,Seefeld,2,single parent family rate,32.5,0.0,206.5
2012,82,Mühlebach,0,base rate,61.0,5.0,259.0
2012,82,Mühlebach,1,couple rate,289.0,68.0,904.0
2012,82,Mühlebach,2,single parent family rate,35.0,0.0,229.0
2012,83,Weinegg,0,base rate,51.0,3.0,264.0
2012,83,Weinegg,1,couple rate,304.0,39.0,1064.0
2012,83,Weinegg,2,single parent family rate,57.0,8.5,230.5
2012,91,Albisrieden,0,base rate,31.0,1.0,148.0
2012,91,Albisrieden,1,couple rate,136.5,13.0,429.0
2012,91,Albisrieden,2,single parent family rate,18.0,0.0,98.0
2012,92,Altstetten,0,base rate,15.0,0.0,98.0
2012,92,Altstetten,1,couple rate,37.0,0.0,228.0
2012,92,Altstetten,2,single parent family rate,0.0,0.0,27.0
2012,101,Höngg,0,base rate,54.0,5.0,248.0
2012,101,Höngg,1,couple rate,249.5,55.5,733.0
2012,101,Höngg,2,single parent family rate,35.5,0.0,141.0
2012,102,Wipkingen,0,base rate,33.0,2.0,138.0
2012,102,Wipkingen,1,couple rate,111.0,7.0,426.0
2012,102,Wipkingen,2,single parent family rate,25.0,0.0,112.0
2012,111,Affoltern,0,base rate,17.0,0.0,93.0
2012,111,Affoltern,1,couple rate,58.5,0.0,235.0
2012,111,Affoltern,2,single parent family rate,3.0,0.0,40.0
2012,115,Oerlikon,0,base rate,31.0,0.0,144.0
2012,115,Oerlikon,1,couple rate,118.0,4.0,422.0
2012,115,Oerlikon,2,single parent family rate,8.0,0.0,75.0
2012,119,Seebach,0,base rate,14.0,0.0,92.0
2012,119,Seebach,1,couple rate,47.0,0.0,245.0
2012,119,Seebach,2,single parent family rate,0.0,0.0,28.0
2012,121,Saatlen,0,base rate,9.0,0.0,65.0
2012,121,Saatlen,1,couple rate,27.5,0.0,170.0
2012,121,Saatlen,2,single parent family rate,1.0,0.0,22.5
2012,122,Schwamendingen-Mitte,0,base rate,10.0,0.0,76.37
2012,122,Schwamendingen-Mitte,1,couple rate,16.0,0.0,177.0
2012,122,Schwamendingen-Mitte,2,single parent family rate,0.0,0.0,7.0
2012,123,Hirzenbach,0,base rate,10.0,0.0,65.0
2012,123,Hirzenbach,1,couple rate,22.0,0.0,147.0
2012,123,Hirzenbach,2,single parent family rate,0.0,0.0,13.0
2013,11,Rathaus,0,base rate,41.0,1.0,255.0
2013,11,Rathaus,1,couple rate,307.5,64.0,1158.0
2013,11,Rathaus,2,single parent family rate,85.0,14.0,320.5
2013,12,Hochschulen,0,base rate,41.0,5.5,334.5
2013,12,Hochschulen,1,couple rate,353.0,46.0,1281.0
2013,12,Hochschulen,2,single parent family rate,118.0,77.0,334.0
2013,13,Lindenhof,0,base rate,79.0,5.0,434.0
2013,13,Lindenhof,1,couple rate,505.5,100.0,2138.0
2013,13,Lindenhof,2,single parent family rate,248.0,4.0,1011.0
2013,14,City,0,base rate,22.5,0.0,137.0
2013,14,City,1,couple rate,219.0,31.5,941.0
2013,14,City,2,single parent family rate,32.0,9.0,347.0
2013,21,Wollishofen,0,base rate,38.0,3.0,187.0
2013,21,Wollishofen,1,couple rate,201.5,36.0,647.0
2013,21,Wollishofen,2,single parent family rate,25.0,1.0,138.0
2013,23,Leimbach,0,base rate,27.0,0.0,154.0
2013,23,Leimbach,1,couple rate,108.0,13.0,380.0
2013,23,Leimbach,2,single parent family rate,6.0,0.0,48.0
2013,24,Enge,0,base rate,61.0,4.0,313.0
2013,24,Enge,1,couple rate,333.0,69.0,1139.0
2013,24,Enge,2,single parent family rate,48.0,0.0,189.0
2013,31,Alt-Wiedikon,0,base rate,37.0,1.0,159.0
2013,31,Alt-Wiedikon,1,couple rate,124.5,4.0,454.0
2013,31,Alt-Wiedikon,2,single parent family rate,36.0,0.0,168.0
2013,33,Friesenberg,0,base rate,17.0,0.0,94.0
2013,33,Friesenberg,1,couple rate,87.5,8.0,289.0
2013,33,Friesenberg,2,single parent family rate,18.0,0.0,73.0
2013,34,Sihlfeld,0,base rate,23.0,0.0,109.0
2013,34,Sihlfeld,1,couple rate,37.5,0.0,214.0
2013,34,Sihlfeld,2,single parent family rate,10.0,0.0,67.0
2013,41,Werd,0,base rate,26.0,0.0,128.0
2013,41,Werd,1,couple rate,68.0,0.0,320.0
2013,41,Werd,2,single parent family rate,70.5,7.0,184.0
2013,42,Langstrasse,0,base rate,12.0,0.0,77.0
2013,42,Langstrasse,1,couple rate,20.0,0.0,176.0
2013,42,Langstrasse,2,single parent family rate,11.0,0.0,102.0
2013,44,Hard,0,base rate,9.0,0.0,60.0
2013,44,Hard,1,couple rate,3.0,0.0,70.0
2013,44,Hard,2,single parent family rate,0.0,0.0,28.0
2013,51,Gewerbeschule,0,base rate,20.0,0.0,101.0
2013,51,Gewerbeschule,1,couple rate,43.0,0.0,238.0
2013,51,Gewerbeschule,2,single parent family rate,42.0,0.0,128.0
2013,52,Escher Wyss,0,base rate,37.0,2.0,161.0
2013,52,Escher Wyss,1,couple rate,154.0,21.0,504.0
2013,52,Escher Wyss,2,single parent family rate,58.0,0.0,223.0
2013,61,Unterstrass,0,base rate,39.0,2.0,169.0
2013,61,Unterstrass,1,couple rate,172.0,24.0,515.5
2013,61,Unterstrass,2,single parent family rate,35.5,1.0,174.0
2013,63,Oberstrass,0,base rate,66.0,9.0,307.0
2013,63,Oberstrass,1,couple rate,485.0,140.0,1467.0
2013,63,Oberstrass,2,single parent family rate,90.0,18.0,358.0
2013,71,Fluntern,0,base rate,101.0,8.0,596.0
2013,71,Fluntern,1,couple rate,785.0,196.0,2501.0
2013,71,Fluntern,2,single parent family rate,122.0,17.0,671.0
2013,72,Hottingen,0,base rate,69.0,6.0,360.0
2013,72,Hottingen,1,couple rate,502.5,119.0,1711.5
2013,72,Hottingen,2,single parent family rate,116.0,16.5,400.0
2013,73,Hirslanden,0,base rate,60.0,8.0,276.0
2013,73,Hirslanden,1,couple rate,340.0,83.0,1314.0
2013,73,Hirslanden,2,single parent family rate,41.0,0.0,211.0
2013,74,Witikon,0,base rate,78.0,7.0,398.0
2013,74,Witikon,1,couple rate,356.0,84.0,1221.0
2013,74,Witikon,2,single parent family rate,44.0,1.0,193.0
2013,81,Seefeld,0,base rate,70.0,7.0,295.0
2013,81,Seefeld,1,couple rate,310.0,78.5,870.0
2013,81,Seefeld,2,single parent family rate,44.0,0.0,170.0
2013,82,Mühlebach,0,base rate,56.0,5.0,260.0
2013,82,Mühlebach,1,couple rate,297.5,56.0,960.0
2013,82,Mühlebach,2,single parent family rate,60.0,1.0,286.5
2013,83,Weinegg,0,base rate,46.0,3.0,252.0
2013,83,Weinegg,1,couple rate,326.5,58.0,1192.0
2013,83,Weinegg,2,single parent family rate,58.0,8.0,212.0
2013,91,Albisrieden,0,base rate,31.0,1.0,151.0
2013,91,Albisrieden,1,couple rate,140.0,15.0,441.5
2013,91,Albisrieden,2,single parent family rate,21.5,0.0,119.0
2013,92,Altstetten,0,base rate,15.0,0.0,98.0
2013,92,Altstetten,1,couple rate,38.0,0.0,228.0
2013,92,Altstetten,2,single parent family rate,0.0,0.0,31.0
2013,101,Höngg,0,base rate,54.0,5.0,259.0
2013,101,Höngg,1,couple rate,257.0,59.0,754.0
2013,101,Höngg,2,single parent family rate,42.0,0.0,155.0
2013,102,Wipkingen,0,base rate,33.0,2.0,139.0
2013,102,Wipkingen,1,couple rate,124.5,8.0,439.0
2013,102,Wipkingen,2,single parent family rate,27.5,0.0,123.0
2013,111,Affoltern,0,base rate,16.0,0.0,94.0
2013,111,Affoltern,1,couple rate,61.0,0.0,252.0
2013,111,Affoltern,2,single parent family rate,3.0,0.0,48.0
2013,115,Oerlikon,0,base rate,32.0,1.0,148.0
2013,115,Oerlikon,1,couple rate,123.0,6.0,450.0
2013,115,Oerlikon,2,single parent family rate,12.0,0.0,90.0
2013,119,Seebach,0,base rate,13.0,0.0,92.0
2013,119,Seebach,1,couple rate,48.0,0.0,251.0
2013,119,Seebach,2,single parent family rate,0.0,0.0,22.5
2013,121,Saatlen,0,base rate,10.0,0.0,64.0
2013,121,Saatlen,1,couple rate,28.0,0.0,173.0
2013,121,Saatlen,2,single parent family rate,1.0,0.0,29.0
2013,122,Schwamendingen-Mitte,0,base rate,9.0,0.0,77.0
2013,122,Schwamendingen-Mitte,1,couple rate,17.0,0.0,183.0
2013,122,Schwamendingen-Mitte,2,single parent family rate,0.0,0.0,10.0
2013,123,Hirzenbach,0,base rate,11.0,0.0,68.0
2013,123,Hirzenbach,1,couple rate,21.0,0.0,146.0
2013,123,Hirzenbach,2,single parent family rate,0.0,0.0,10.0
