Year,district_name,CH_nonCH,Total
1993,Affoltern,Foreign,3898
1993,Affoltern,Swiss,14197
1993,Albisrieden,Foreign,3401
1993,Albisrieden,Swiss,13731
1993,Alt-Wiedikon,Foreign,4656
1993,Alt-Wiedikon,Swiss,9981
1993,Altstetten,Foreign,8145
1993,Altstetten,Swiss,19726
1993,City,Foreign,305
1993,City,Swiss,579
1993,Enge,Foreign,1767
1993,Enge,Swiss,6358
1993,Escher Wyss,Foreign,714
1993,Escher Wyss,Swiss,833
1993,Fluntern,Foreign,1309
1993,Fluntern,Swiss,5879
1993,Friesenberg,Foreign,1834
1993,Friesenberg,Swiss,8333
1993,Gewerbeschule,Foreign,4931
1993,Gewerbeschule,Swiss,5017
1993,Hard,Foreign,5393
1993,Hard,Swiss,7354
1993,Hirslanden,Foreign,1208
1993,Hirslanden,Swiss,5627
1993,Hirzenbach,Foreign,2787
1993,Hirzenbach,Swiss,8047
1993,Hochschulen,Foreign,194
1993,Hochschulen,Swiss,614
1993,Hottingen,Foreign,2164
1993,Hottingen,Swiss,7975
1993,Höngg,Foreign,2714
1993,Höngg,Swiss,16404
1993,Langstrasse,Foreign,5672
1993,Langstrasse,Swiss,5833
1993,Leimbach,Foreign,704
1993,Leimbach,Swiss,3851
1993,Lindenhof,Foreign,185
1993,Lindenhof,Swiss,951
1993,Mühlebach,Foreign,1248
1993,Mühlebach,Swiss,4446
1993,Oberstrass,Foreign,2327
1993,Oberstrass,Swiss,7827
1993,Oerlikon,Foreign,4821
1993,Oerlikon,Swiss,11889
1993,Rathaus,Foreign,646
1993,Rathaus,Swiss,2487
1993,Saatlen,Foreign,1438
1993,Saatlen,Swiss,5034
1993,Schwamendingen-Mitte,Foreign,3217
1993,Schwamendingen-Mitte,Swiss,6958
1993,Seebach,Foreign,4887
1993,Seebach,Swiss,12727
1993,Seefeld,Foreign,1396
1993,Seefeld,Swiss,3887
1993,Sihlfeld,Foreign,7832
1993,Sihlfeld,Swiss,13704
1993,Unterstrass,Foreign,4376
1993,Unterstrass,Swiss,16049
1993,Weinegg,Foreign,1326
1993,Weinegg,Swiss,3530
1993,Werd,Foreign,1658
1993,Werd,Swiss,2390
1993,Wipkingen,Foreign,5364
1993,Wipkingen,Swiss,10610
1993,Witikon,Foreign,1269
1993,Witikon,Swiss,8357
1993,Wollishofen,Foreign,3071
1993,Wollishofen,Swiss,12856
1994,Affoltern,Foreign,4040
1994,Affoltern,Swiss,14021
1994,Albisrieden,Foreign,3473
1994,Albisrieden,Swiss,13585
1994,Alt-Wiedikon,Foreign,4864
1994,Alt-Wiedikon,Swiss,9939
1994,Altstetten,Foreign,8578
1994,Altstetten,Swiss,19139
1994,City,Foreign,296
1994,City,Swiss,549
1994,Enge,Foreign,1803
1994,Enge,Swiss,6319
1994,Escher Wyss,Foreign,742
1994,Escher Wyss,Swiss,854
1994,Fluntern,Foreign,1250
1994,Fluntern,Swiss,5835
1994,Friesenberg,Foreign,1913
1994,Friesenberg,Swiss,8300
1994,Gewerbeschule,Foreign,4842
1994,Gewerbeschule,Swiss,4931
1994,Hard,Foreign,5680
1994,Hard,Swiss,7136
1994,Hirslanden,Foreign,1184
1994,Hirslanden,Swiss,5566
1994,Hirzenbach,Foreign,2902
1994,Hirzenbach,Swiss,7993
1994,Hochschulen,Foreign,180
1994,Hochschulen,Swiss,626
1994,Hottingen,Foreign,2212
1994,Hottingen,Swiss,8017
1994,Höngg,Foreign,2814
1994,Höngg,Swiss,16370
1994,Langstrasse,Foreign,5400
1994,Langstrasse,Swiss,5783
1994,Leimbach,Foreign,743
1994,Leimbach,Swiss,3855
1994,Lindenhof,Foreign,179
1994,Lindenhof,Swiss,908
1994,Mühlebach,Foreign,1231
1994,Mühlebach,Swiss,4380
1994,Oberstrass,Foreign,2375
1994,Oberstrass,Swiss,7891
1994,Oerlikon,Foreign,5043
1994,Oerlikon,Swiss,11728
1994,Rathaus,Foreign,623
1994,Rathaus,Swiss,2466
1994,Saatlen,Foreign,1509
1994,Saatlen,Swiss,4921
1994,Schwamendingen-Mitte,Foreign,3355
1994,Schwamendingen-Mitte,Swiss,6885
1994,Seebach,Foreign,5098
1994,Seebach,Swiss,12544
1994,Seefeld,Foreign,1390
1994,Seefeld,Swiss,3914
1994,Sihlfeld,Foreign,8054
1994,Sihlfeld,Swiss,13515
1994,Unterstrass,Foreign,4502
1994,Unterstrass,Swiss,15975
1994,Weinegg,Foreign,1307
1994,Weinegg,Swiss,3576
1994,Werd,Foreign,1696
1994,Werd,Swiss,2429
1994,Wipkingen,Foreign,5485
1994,Wipkingen,Swiss,10572
1994,Witikon,Foreign,1338
1994,Witikon,Swiss,8323
1994,Wollishofen,Foreign,3197
1994,Wollishofen,Swiss,12705
1995,Affoltern,Foreign,4278
1995,Affoltern,Swiss,13876
1995,Albisrieden,Foreign,3454
1995,Albisrieden,Swiss,13389
1995,Alt-Wiedikon,Foreign,4948
1995,Alt-Wiedikon,Swiss,9771
1995,Altstetten,Foreign,9060
1995,Altstetten,Swiss,18728
1995,City,Foreign,320
1995,City,Swiss,687
1995,Enge,Foreign,1892
1995,Enge,Swiss,6282
1995,Escher Wyss,Foreign,725
1995,Escher Wyss,Swiss,924
1995,Fluntern,Foreign,1329
1995,Fluntern,Swiss,5822
1995,Friesenberg,Foreign,1964
1995,Friesenberg,Swiss,8191
1995,Gewerbeschule,Foreign,4854
1995,Gewerbeschule,Swiss,4957
1995,Hard,Foreign,5991
1995,Hard,Swiss,6881
1995,Hirslanden,Foreign,1191
1995,Hirslanden,Swiss,5463
1995,Hirzenbach,Foreign,3123
1995,Hirzenbach,Swiss,7872
1995,Hochschulen,Foreign,168
1995,Hochschulen,Swiss,614
1995,Hottingen,Foreign,2207
1995,Hottingen,Swiss,8027
1995,Höngg,Foreign,2910
1995,Höngg,Swiss,16333
1995,Langstrasse,Foreign,5215
1995,Langstrasse,Swiss,5737
1995,Leimbach,Foreign,781
1995,Leimbach,Swiss,3866
1995,Lindenhof,Foreign,165
1995,Lindenhof,Swiss,931
1995,Mühlebach,Foreign,1223
1995,Mühlebach,Swiss,4388
1995,Oberstrass,Foreign,2331
1995,Oberstrass,Swiss,7790
1995,Oerlikon,Foreign,5319
1995,Oerlikon,Swiss,11714
1995,Rathaus,Foreign,576
1995,Rathaus,Swiss,2473
1995,Saatlen,Foreign,1548
1995,Saatlen,Swiss,4894
1995,Schwamendingen-Mitte,Foreign,3400
1995,Schwamendingen-Mitte,Swiss,6848
1995,Seebach,Foreign,5335
1995,Seebach,Swiss,12365
1995,Seefeld,Foreign,1362
1995,Seefeld,Swiss,3919
1995,Sihlfeld,Foreign,8136
1995,Sihlfeld,Swiss,13317
1995,Unterstrass,Foreign,4518
1995,Unterstrass,Swiss,15838
1995,Weinegg,Foreign,1283
1995,Weinegg,Swiss,3588
1995,Werd,Foreign,1623
1995,Werd,Swiss,2382
1995,Wipkingen,Foreign,5514
1995,Wipkingen,Swiss,10566
1995,Witikon,Foreign,1413
1995,Witikon,Swiss,8319
1995,Wollishofen,Foreign,3309
1995,Wollishofen,Swiss,12609
1996,Affoltern,Foreign,4440
1996,Affoltern,Swiss,13682
1996,Albisrieden,Foreign,3510
1996,Albisrieden,Swiss,13195
1996,Alt-Wiedikon,Foreign,5062
1996,Alt-Wiedikon,Swiss,9807
1996,Altstetten,Foreign,9190
1996,Altstetten,Swiss,18470
1996,City,Foreign,301
1996,City,Swiss,680
1996,Enge,Foreign,1906
1996,Enge,Swiss,6249
1996,Escher Wyss,Foreign,719
1996,Escher Wyss,Swiss,922
1996,Fluntern,Foreign,1398
1996,Fluntern,Swiss,5780
1996,Friesenberg,Foreign,1983
1996,Friesenberg,Swiss,8010
1996,Gewerbeschule,Foreign,4657
1996,Gewerbeschule,Swiss,5043
1996,Hard,Foreign,6162
1996,Hard,Swiss,6775
1996,Hirslanden,Foreign,1193
1996,Hirslanden,Swiss,5510
1996,Hirzenbach,Foreign,3238
1996,Hirzenbach,Swiss,7752
1996,Hochschulen,Foreign,169
1996,Hochschulen,Swiss,584
1996,Hottingen,Foreign,2253
1996,Hottingen,Swiss,8095
1996,Höngg,Foreign,3150
1996,Höngg,Swiss,16454
1996,Langstrasse,Foreign,4958
1996,Langstrasse,Swiss,5760
1996,Leimbach,Foreign,782
1996,Leimbach,Swiss,3771
1996,Lindenhof,Foreign,157
1996,Lindenhof,Swiss,887
1996,Mühlebach,Foreign,1200
1996,Mühlebach,Swiss,4366
1996,Oberstrass,Foreign,2298
1996,Oberstrass,Swiss,7812
1996,Oerlikon,Foreign,5285
1996,Oerlikon,Swiss,11528
1996,Rathaus,Foreign,585
1996,Rathaus,Swiss,2493
1996,Saatlen,Foreign,1534
1996,Saatlen,Swiss,4850
1996,Schwamendingen-Mitte,Foreign,3474
1996,Schwamendingen-Mitte,Swiss,6667
1996,Seebach,Foreign,5379
1996,Seebach,Swiss,12245
1996,Seefeld,Foreign,1260
1996,Seefeld,Swiss,3966
1996,Sihlfeld,Foreign,8058
1996,Sihlfeld,Swiss,13175
1996,Unterstrass,Foreign,4517
1996,Unterstrass,Swiss,15801
1996,Weinegg,Foreign,1301
1996,Weinegg,Swiss,3599
1996,Werd,Foreign,1618
1996,Werd,Swiss,2361
1996,Wipkingen,Foreign,5560
1996,Wipkingen,Swiss,10571
1996,Witikon,Foreign,1390
1996,Witikon,Swiss,8257
1996,Wollishofen,Foreign,3361
1996,Wollishofen,Swiss,12483
1997,Affoltern,Foreign,4669
1997,Affoltern,Swiss,13508
1997,Albisrieden,Foreign,3613
1997,Albisrieden,Swiss,13017
1997,Alt-Wiedikon,Foreign,5147
1997,Alt-Wiedikon,Swiss,9853
1997,Altstetten,Foreign,9619
1997,Altstetten,Swiss,18044
1997,City,Foreign,282
1997,City,Swiss,714
1997,Enge,Foreign,1906
1997,Enge,Swiss,6258
1997,Escher Wyss,Foreign,715
1997,Escher Wyss,Swiss,907
1997,Fluntern,Foreign,1414
1997,Fluntern,Swiss,5777
1997,Friesenberg,Foreign,1992
1997,Friesenberg,Swiss,7999
1997,Gewerbeschule,Foreign,4427
1997,Gewerbeschule,Swiss,5098
1997,Hard,Foreign,6192
1997,Hard,Swiss,6692
1997,Hirslanden,Foreign,1204
1997,Hirslanden,Swiss,5455
1997,Hirzenbach,Foreign,3360
1997,Hirzenbach,Swiss,7653
1997,Hochschulen,Foreign,178
1997,Hochschulen,Swiss,584
1997,Hottingen,Foreign,2141
1997,Hottingen,Swiss,8185
1997,Höngg,Foreign,3276
1997,Höngg,Swiss,16517
1997,Langstrasse,Foreign,4637
1997,Langstrasse,Swiss,5843
1997,Leimbach,Foreign,787
1997,Leimbach,Swiss,3697
1997,Lindenhof,Foreign,150
1997,Lindenhof,Swiss,875
1997,Mühlebach,Foreign,1174
1997,Mühlebach,Swiss,4300
1997,Oberstrass,Foreign,2201
1997,Oberstrass,Swiss,7793
1997,Oerlikon,Foreign,5338
1997,Oerlikon,Swiss,11427
1997,Rathaus,Foreign,571
1997,Rathaus,Swiss,2512
1997,Saatlen,Foreign,1671
1997,Saatlen,Swiss,4757
1997,Schwamendingen-Mitte,Foreign,3612
1997,Schwamendingen-Mitte,Swiss,6625
1997,Seebach,Foreign,5540
1997,Seebach,Swiss,12179
1997,Seefeld,Foreign,1233
1997,Seefeld,Swiss,3922
1997,Sihlfeld,Foreign,7951
1997,Sihlfeld,Swiss,13181
1997,Unterstrass,Foreign,4577
1997,Unterstrass,Swiss,15704
1997,Weinegg,Foreign,1241
1997,Weinegg,Swiss,3558
1997,Werd,Foreign,1551
1997,Werd,Swiss,2377
1997,Wipkingen,Foreign,5432
1997,Wipkingen,Swiss,10385
1997,Witikon,Foreign,1381
1997,Witikon,Swiss,8196
1997,Wollishofen,Foreign,3373
1997,Wollishofen,Swiss,12447
1998,Affoltern,Foreign,5032
1998,Affoltern,Swiss,13437
1998,Albisrieden,Foreign,3655
1998,Albisrieden,Swiss,12893
1998,Alt-Wiedikon,Foreign,5105
1998,Alt-Wiedikon,Swiss,9870
1998,Altstetten,Foreign,9865
1998,Altstetten,Swiss,17791
1998,City,Foreign,311
1998,City,Swiss,719
1998,Enge,Foreign,1949
1998,Enge,Swiss,6201
1998,Escher Wyss,Foreign,691
1998,Escher Wyss,Swiss,888
1998,Fluntern,Foreign,1435
1998,Fluntern,Swiss,5837
1998,Friesenberg,Foreign,2061
1998,Friesenberg,Swiss,7968
1998,Gewerbeschule,Foreign,4276
1998,Gewerbeschule,Swiss,5188
1998,Hard,Foreign,6217
1998,Hard,Swiss,6654
1998,Hirslanden,Foreign,1217
1998,Hirslanden,Swiss,5485
1998,Hirzenbach,Foreign,3458
1998,Hirzenbach,Swiss,7557
1998,Hochschulen,Foreign,204
1998,Hochschulen,Swiss,588
1998,Hottingen,Foreign,1996
1998,Hottingen,Swiss,8244
1998,Höngg,Foreign,3448
1998,Höngg,Swiss,16606
1998,Langstrasse,Foreign,4427
1998,Langstrasse,Swiss,5972
1998,Leimbach,Foreign,895
1998,Leimbach,Swiss,3724
1998,Lindenhof,Foreign,159
1998,Lindenhof,Swiss,836
1998,Mühlebach,Foreign,1150
1998,Mühlebach,Swiss,4311
1998,Oberstrass,Foreign,2138
1998,Oberstrass,Swiss,7769
1998,Oerlikon,Foreign,5584
1998,Oerlikon,Swiss,11442
1998,Rathaus,Foreign,571
1998,Rathaus,Swiss,2479
1998,Saatlen,Foreign,1793
1998,Saatlen,Swiss,4775
1998,Schwamendingen-Mitte,Foreign,3683
1998,Schwamendingen-Mitte,Swiss,6491
1998,Seebach,Foreign,5888
1998,Seebach,Swiss,12018
1998,Seefeld,Foreign,1207
1998,Seefeld,Swiss,3880
1998,Sihlfeld,Foreign,7946
1998,Sihlfeld,Swiss,13072
1998,Unterstrass,Foreign,4473
1998,Unterstrass,Swiss,15793
1998,Weinegg,Foreign,1235
1998,Weinegg,Swiss,3581
1998,Werd,Foreign,1474
1998,Werd,Swiss,2439
1998,Wipkingen,Foreign,5223
1998,Wipkingen,Swiss,10420
1998,Witikon,Foreign,1387
1998,Witikon,Swiss,8166
1998,Wollishofen,Foreign,3397
1998,Wollishofen,Swiss,12429
1999,Affoltern,Foreign,5146
1999,Affoltern,Swiss,13322
1999,Albisrieden,Foreign,3698
1999,Albisrieden,Swiss,12643
1999,Alt-Wiedikon,Foreign,5105
1999,Alt-Wiedikon,Swiss,9784
1999,Altstetten,Foreign,10150
1999,Altstetten,Swiss,17778
1999,City,Foreign,280
1999,City,Swiss,687
1999,Enge,Foreign,1960
1999,Enge,Swiss,6174
1999,Escher Wyss,Foreign,774
1999,Escher Wyss,Swiss,1179
1999,Fluntern,Foreign,1462
1999,Fluntern,Swiss,5836
1999,Friesenberg,Foreign,2128
1999,Friesenberg,Swiss,7885
1999,Gewerbeschule,Foreign,4296
1999,Gewerbeschule,Swiss,5298
1999,Hard,Foreign,6267
1999,Hard,Swiss,6684
1999,Hirslanden,Foreign,1262
1999,Hirslanden,Swiss,5575
1999,Hirzenbach,Foreign,3602
1999,Hirzenbach,Swiss,7517
1999,Hochschulen,Foreign,186
1999,Hochschulen,Swiss,583
1999,Hottingen,Foreign,2134
1999,Hottingen,Swiss,8173
1999,Höngg,Foreign,3803
1999,Höngg,Swiss,16756
1999,Langstrasse,Foreign,4350
1999,Langstrasse,Swiss,6020
1999,Leimbach,Foreign,956
1999,Leimbach,Swiss,3694
1999,Lindenhof,Foreign,178
1999,Lindenhof,Swiss,854
1999,Mühlebach,Foreign,1138
1999,Mühlebach,Swiss,4389
1999,Oberstrass,Foreign,2171
1999,Oberstrass,Swiss,7726
1999,Oerlikon,Foreign,5852
1999,Oerlikon,Swiss,11516
1999,Rathaus,Foreign,575
1999,Rathaus,Swiss,2529
1999,Saatlen,Foreign,1852
1999,Saatlen,Swiss,4702
1999,Schwamendingen-Mitte,Foreign,3912
1999,Schwamendingen-Mitte,Swiss,6478
1999,Seebach,Foreign,5966
1999,Seebach,Swiss,11923
1999,Seefeld,Foreign,1194
1999,Seefeld,Swiss,3775
1999,Sihlfeld,Foreign,7878
1999,Sihlfeld,Swiss,13119
1999,Unterstrass,Foreign,4502
1999,Unterstrass,Swiss,15581
1999,Weinegg,Foreign,1236
1999,Weinegg,Swiss,3564
1999,Werd,Foreign,1434
1999,Werd,Swiss,2532
1999,Wipkingen,Foreign,5116
1999,Wipkingen,Swiss,10415
1999,Witikon,Foreign,1450
1999,Witikon,Swiss,8104
1999,Wollishofen,Foreign,3506
1999,Wollishofen,Swiss,12390
2000,Affoltern,Foreign,5169
2000,Affoltern,Swiss,13218
2000,Albisrieden,Foreign,3769
2000,Albisrieden,Swiss,12676
2000,Alt-Wiedikon,Foreign,4891
2000,Alt-Wiedikon,Swiss,9898
2000,Altstetten,Foreign,10384
2000,Altstetten,Swiss,17790
2000,City,Foreign,241
2000,City,Swiss,688
2000,Enge,Foreign,1961
2000,Enge,Swiss,6228
2000,Escher Wyss,Foreign,710
2000,Escher Wyss,Swiss,1219
2000,Fluntern,Foreign,1480
2000,Fluntern,Swiss,5787
2000,Friesenberg,Foreign,2162
2000,Friesenberg,Swiss,7810
2000,Gewerbeschule,Foreign,4252
2000,Gewerbeschule,Swiss,5572
2000,Hard,Foreign,6233
2000,Hard,Swiss,6642
2000,Hirslanden,Foreign,1167
2000,Hirslanden,Swiss,5592
2000,Hirzenbach,Foreign,3736
2000,Hirzenbach,Swiss,7545
2000,Hochschulen,Foreign,199
2000,Hochschulen,Swiss,560
2000,Hottingen,Foreign,2046
2000,Hottingen,Swiss,8101
2000,Höngg,Foreign,3767
2000,Höngg,Swiss,16656
2000,Langstrasse,Foreign,4159
2000,Langstrasse,Swiss,6078
2000,Leimbach,Foreign,991
2000,Leimbach,Swiss,3653
2000,Lindenhof,Foreign,163
2000,Lindenhof,Swiss,826
2000,Mühlebach,Foreign,1146
2000,Mühlebach,Swiss,4399
2000,Oberstrass,Foreign,2182
2000,Oberstrass,Swiss,7682
2000,Oerlikon,Foreign,5929
2000,Oerlikon,Swiss,11947
2000,Rathaus,Foreign,590
2000,Rathaus,Swiss,2519
2000,Saatlen,Foreign,1855
2000,Saatlen,Swiss,4483
2000,Schwamendingen-Mitte,Foreign,3975
2000,Schwamendingen-Mitte,Swiss,6504
2000,Seebach,Foreign,6042
2000,Seebach,Swiss,11828
2000,Seefeld,Foreign,1203
2000,Seefeld,Swiss,3786
2000,Sihlfeld,Foreign,7826
2000,Sihlfeld,Swiss,13061
2000,Unterstrass,Foreign,4413
2000,Unterstrass,Swiss,15520
2000,Weinegg,Foreign,1250
2000,Weinegg,Swiss,3554
2000,Werd,Foreign,1382
2000,Werd,Swiss,2535
2000,Wipkingen,Foreign,5028
2000,Wipkingen,Swiss,10676
2000,Witikon,Foreign,1462
2000,Witikon,Swiss,8082
2000,Wollishofen,Foreign,3641
2000,Wollishofen,Swiss,12461
2001,Affoltern,Foreign,5362
2001,Affoltern,Swiss,13331
2001,Albisrieden,Foreign,3940
2001,Albisrieden,Swiss,12674
2001,Alt-Wiedikon,Foreign,4833
2001,Alt-Wiedikon,Swiss,9859
2001,Altstetten,Foreign,10655
2001,Altstetten,Swiss,18128
2001,City,Foreign,227
2001,City,Swiss,680
2001,Enge,Foreign,1938
2001,Enge,Swiss,6164
2001,Escher Wyss,Foreign,669
2001,Escher Wyss,Swiss,1464
2001,Fluntern,Foreign,1547
2001,Fluntern,Swiss,5674
2001,Friesenberg,Foreign,2224
2001,Friesenberg,Swiss,7818
2001,Gewerbeschule,Foreign,4162
2001,Gewerbeschule,Swiss,5673
2001,Hard,Foreign,6150
2001,Hard,Swiss,6691
2001,Hirslanden,Foreign,1202
2001,Hirslanden,Swiss,5598
2001,Hirzenbach,Foreign,3817
2001,Hirzenbach,Swiss,7485
2001,Hochschulen,Foreign,188
2001,Hochschulen,Swiss,550
2001,Hottingen,Foreign,2082
2001,Hottingen,Swiss,8014
2001,Höngg,Foreign,3915
2001,Höngg,Swiss,16673
2001,Langstrasse,Foreign,4182
2001,Langstrasse,Swiss,6094
2001,Leimbach,Foreign,1038
2001,Leimbach,Swiss,3630
2001,Lindenhof,Foreign,155
2001,Lindenhof,Swiss,793
2001,Mühlebach,Foreign,1143
2001,Mühlebach,Swiss,4343
2001,Oberstrass,Foreign,2191
2001,Oberstrass,Swiss,7573
2001,Oerlikon,Foreign,5928
2001,Oerlikon,Swiss,12295
2001,Rathaus,Foreign,615
2001,Rathaus,Swiss,2488
2001,Saatlen,Foreign,1841
2001,Saatlen,Swiss,4545
2001,Schwamendingen-Mitte,Foreign,4042
2001,Schwamendingen-Mitte,Swiss,6388
2001,Seebach,Foreign,6227
2001,Seebach,Swiss,11876
2001,Seefeld,Foreign,1249
2001,Seefeld,Swiss,3776
2001,Sihlfeld,Foreign,7548
2001,Sihlfeld,Swiss,13156
2001,Unterstrass,Foreign,4386
2001,Unterstrass,Swiss,15445
2001,Weinegg,Foreign,1271
2001,Weinegg,Swiss,3545
2001,Werd,Foreign,1321
2001,Werd,Swiss,2517
2001,Wipkingen,Foreign,4918
2001,Wipkingen,Swiss,10649
2001,Witikon,Foreign,1500
2001,Witikon,Swiss,8059
2001,Wollishofen,Foreign,3623
2001,Wollishofen,Swiss,12305
2002,Affoltern,Foreign,5642
2002,Affoltern,Swiss,13063
2002,Albisrieden,Foreign,4021
2002,Albisrieden,Swiss,12648
2002,Alt-Wiedikon,Foreign,4935
2002,Alt-Wiedikon,Swiss,9876
2002,Altstetten,Foreign,10869
2002,Altstetten,Swiss,17907
2002,City,Foreign,228
2002,City,Swiss,682
2002,Enge,Foreign,2018
2002,Enge,Swiss,6261
2002,Escher Wyss,Foreign,698
2002,Escher Wyss,Swiss,1818
2002,Fluntern,Foreign,1542
2002,Fluntern,Swiss,5527
2002,Friesenberg,Foreign,2362
2002,Friesenberg,Swiss,7826
2002,Gewerbeschule,Foreign,4152
2002,Gewerbeschule,Swiss,5748
2002,Hard,Foreign,6158
2002,Hard,Swiss,6698
2002,Hirslanden,Foreign,1219
2002,Hirslanden,Swiss,5562
2002,Hirzenbach,Foreign,4000
2002,Hirzenbach,Swiss,7434
2002,Hochschulen,Foreign,187
2002,Hochschulen,Swiss,540
2002,Hottingen,Foreign,2052
2002,Hottingen,Swiss,7969
2002,Höngg,Foreign,3932
2002,Höngg,Swiss,16638
2002,Langstrasse,Foreign,4365
2002,Langstrasse,Swiss,6082
2002,Leimbach,Foreign,1055
2002,Leimbach,Swiss,3626
2002,Lindenhof,Foreign,169
2002,Lindenhof,Swiss,781
2002,Mühlebach,Foreign,1165
2002,Mühlebach,Swiss,4285
2002,Oberstrass,Foreign,2196
2002,Oberstrass,Swiss,7529
2002,Oerlikon,Foreign,6207
2002,Oerlikon,Swiss,12571
2002,Rathaus,Foreign,653
2002,Rathaus,Swiss,2475
2002,Saatlen,Foreign,2004
2002,Saatlen,Swiss,4659
2002,Schwamendingen-Mitte,Foreign,4061
2002,Schwamendingen-Mitte,Swiss,6312
2002,Seebach,Foreign,6627
2002,Seebach,Swiss,12345
2002,Seefeld,Foreign,1411
2002,Seefeld,Swiss,3711
2002,Sihlfeld,Foreign,7663
2002,Sihlfeld,Swiss,13068
2002,Unterstrass,Foreign,4529
2002,Unterstrass,Swiss,15334
2002,Weinegg,Foreign,1272
2002,Weinegg,Swiss,3504
2002,Werd,Foreign,1316
2002,Werd,Swiss,2534
2002,Wipkingen,Foreign,4944
2002,Wipkingen,Swiss,10551
2002,Witikon,Foreign,1548
2002,Witikon,Swiss,8023
2002,Wollishofen,Foreign,3601
2002,Wollishofen,Swiss,12170
2003,Affoltern,Foreign,5710
2003,Affoltern,Swiss,13077
2003,Albisrieden,Foreign,4180
2003,Albisrieden,Swiss,12838
2003,Alt-Wiedikon,Foreign,4683
2003,Alt-Wiedikon,Swiss,9776
2003,Altstetten,Foreign,10583
2003,Altstetten,Swiss,17740
2003,City,Foreign,236
2003,City,Swiss,650
2003,Enge,Foreign,2024
2003,Enge,Swiss,6204
2003,Escher Wyss,Foreign,641
2003,Escher Wyss,Swiss,1824
2003,Fluntern,Foreign,1543
2003,Fluntern,Swiss,5559
2003,Friesenberg,Foreign,2337
2003,Friesenberg,Swiss,8050
2003,Gewerbeschule,Foreign,4020
2003,Gewerbeschule,Swiss,5761
2003,Hard,Foreign,6087
2003,Hard,Swiss,6730
2003,Hirslanden,Foreign,1233
2003,Hirslanden,Swiss,5562
2003,Hirzenbach,Foreign,4100
2003,Hirzenbach,Swiss,7332
2003,Hochschulen,Foreign,197
2003,Hochschulen,Swiss,526
2003,Hottingen,Foreign,2151
2003,Hottingen,Swiss,7866
2003,Höngg,Foreign,4045
2003,Höngg,Swiss,16765
2003,Langstrasse,Foreign,4305
2003,Langstrasse,Swiss,5999
2003,Leimbach,Foreign,1068
2003,Leimbach,Swiss,3762
2003,Lindenhof,Foreign,165
2003,Lindenhof,Swiss,777
2003,Mühlebach,Foreign,1189
2003,Mühlebach,Swiss,4245
2003,Oberstrass,Foreign,2256
2003,Oberstrass,Swiss,7433
2003,Oerlikon,Foreign,6422
2003,Oerlikon,Swiss,12795
2003,Rathaus,Foreign,685
2003,Rathaus,Swiss,2464
2003,Saatlen,Foreign,2017
2003,Saatlen,Swiss,4566
2003,Schwamendingen-Mitte,Foreign,4122
2003,Schwamendingen-Mitte,Swiss,6267
2003,Seebach,Foreign,6871
2003,Seebach,Swiss,12567
2003,Seefeld,Foreign,1316
2003,Seefeld,Swiss,3680
2003,Sihlfeld,Foreign,7639
2003,Sihlfeld,Swiss,13024
2003,Unterstrass,Foreign,4543
2003,Unterstrass,Swiss,15339
2003,Weinegg,Foreign,1295
2003,Weinegg,Swiss,3452
2003,Werd,Foreign,1288
2003,Werd,Swiss,2500
2003,Wipkingen,Foreign,4848
2003,Wipkingen,Swiss,10628
2003,Witikon,Foreign,1552
2003,Witikon,Swiss,7951
2003,Wollishofen,Foreign,3528
2003,Wollishofen,Swiss,11940
2004,Affoltern,Foreign,5863
2004,Affoltern,Swiss,13023
2004,Albisrieden,Foreign,4281
2004,Albisrieden,Swiss,12806
2004,Alt-Wiedikon,Foreign,4713
2004,Alt-Wiedikon,Swiss,9838
2004,Altstetten,Foreign,10591
2004,Altstetten,Swiss,17777
2004,City,Foreign,239
2004,City,Swiss,604
2004,Enge,Foreign,2042
2004,Enge,Swiss,6167
2004,Escher Wyss,Foreign,694
2004,Escher Wyss,Swiss,1930
2004,Fluntern,Foreign,1671
2004,Fluntern,Swiss,5614
2004,Friesenberg,Foreign,2339
2004,Friesenberg,Swiss,7987
2004,Gewerbeschule,Foreign,3948
2004,Gewerbeschule,Swiss,5825
2004,Hard,Foreign,6112
2004,Hard,Swiss,6692
2004,Hirslanden,Foreign,1269
2004,Hirslanden,Swiss,5537
2004,Hirzenbach,Foreign,4194
2004,Hirzenbach,Swiss,7142
2004,Hochschulen,Foreign,217
2004,Hochschulen,Swiss,508
2004,Hottingen,Foreign,2213
2004,Hottingen,Swiss,7713
2004,Höngg,Foreign,4059
2004,Höngg,Swiss,16797
2004,Langstrasse,Foreign,4277
2004,Langstrasse,Swiss,6042
2004,Leimbach,Foreign,1100
2004,Leimbach,Swiss,3678
2004,Lindenhof,Foreign,186
2004,Lindenhof,Swiss,761
2004,Mühlebach,Foreign,1322
2004,Mühlebach,Swiss,4224
2004,Oberstrass,Foreign,2303
2004,Oberstrass,Swiss,7243
2004,Oerlikon,Foreign,6566
2004,Oerlikon,Swiss,12809
2004,Rathaus,Foreign,700
2004,Rathaus,Swiss,2415
2004,Saatlen,Foreign,2118
2004,Saatlen,Swiss,4579
2004,Schwamendingen-Mitte,Foreign,4149
2004,Schwamendingen-Mitte,Swiss,6125
2004,Seebach,Foreign,7000
2004,Seebach,Swiss,12501
2004,Seefeld,Foreign,1365
2004,Seefeld,Swiss,3628
2004,Sihlfeld,Foreign,7608
2004,Sihlfeld,Swiss,12959
2004,Unterstrass,Foreign,4529
2004,Unterstrass,Swiss,15213
2004,Weinegg,Foreign,1242
2004,Weinegg,Swiss,3529
2004,Werd,Foreign,1247
2004,Werd,Swiss,2516
2004,Wipkingen,Foreign,4789
2004,Wipkingen,Swiss,10639
2004,Witikon,Foreign,1641
2004,Witikon,Swiss,8070
2004,Wollishofen,Foreign,3555
2004,Wollishofen,Swiss,11944
2005,Affoltern,Foreign,5737
2005,Affoltern,Swiss,12996
2005,Albisrieden,Foreign,4402
2005,Albisrieden,Swiss,12824
2005,Alt-Wiedikon,Foreign,4829
2005,Alt-Wiedikon,Swiss,10142
2005,Altstetten,Foreign,10476
2005,Altstetten,Swiss,17802
2005,City,Foreign,239
2005,City,Swiss,607
2005,Enge,Foreign,2178
2005,Enge,Swiss,6197
2005,Escher Wyss,Foreign,713
2005,Escher Wyss,Swiss,2014
2005,Fluntern,Foreign,1736
2005,Fluntern,Swiss,5589
2005,Friesenberg,Foreign,2375
2005,Friesenberg,Swiss,7985
2005,Gewerbeschule,Foreign,3804
2005,Gewerbeschule,Swiss,5886
2005,Hard,Foreign,5879
2005,Hard,Swiss,6836
2005,Hirslanden,Foreign,1329
2005,Hirslanden,Swiss,5530
2005,Hirzenbach,Foreign,4224
2005,Hirzenbach,Swiss,7041
2005,Hochschulen,Foreign,191
2005,Hochschulen,Swiss,504
2005,Hottingen,Foreign,2385
2005,Hottingen,Swiss,7715
2005,Höngg,Foreign,4067
2005,Höngg,Swiss,16706
2005,Langstrasse,Foreign,4299
2005,Langstrasse,Swiss,6069
2005,Leimbach,Foreign,1119
2005,Leimbach,Swiss,3748
2005,Lindenhof,Foreign,193
2005,Lindenhof,Swiss,757
2005,Mühlebach,Foreign,1370
2005,Mühlebach,Swiss,4207
2005,Oberstrass,Foreign,2343
2005,Oberstrass,Swiss,7151
2005,Oerlikon,Foreign,6634
2005,Oerlikon,Swiss,13029
2005,Rathaus,Foreign,737
2005,Rathaus,Swiss,2344
2005,Saatlen,Foreign,2081
2005,Saatlen,Swiss,4568
2005,Schwamendingen-Mitte,Foreign,4194
2005,Schwamendingen-Mitte,Swiss,6128
2005,Seebach,Foreign,7147
2005,Seebach,Swiss,12732
2005,Seefeld,Foreign,1411
2005,Seefeld,Swiss,3512
2005,Sihlfeld,Foreign,7500
2005,Sihlfeld,Swiss,13054
2005,Unterstrass,Foreign,4709
2005,Unterstrass,Swiss,15212
2005,Weinegg,Foreign,1224
2005,Weinegg,Swiss,3619
2005,Werd,Foreign,1288
2005,Werd,Swiss,2590
2005,Wipkingen,Foreign,4808
2005,Wipkingen,Swiss,10638
2005,Witikon,Foreign,1706
2005,Witikon,Swiss,8158
2005,Wollishofen,Foreign,3565
2005,Wollishofen,Swiss,12027
2006,Affoltern,Foreign,5640
2006,Affoltern,Swiss,13153
2006,Albisrieden,Foreign,4298
2006,Albisrieden,Swiss,12977
2006,Alt-Wiedikon,Foreign,4885
2006,Alt-Wiedikon,Swiss,10346
2006,Altstetten,Foreign,10464
2006,Altstetten,Swiss,18404
2006,City,Foreign,260
2006,City,Swiss,585
2006,Enge,Foreign,2237
2006,Enge,Swiss,6130
2006,Escher Wyss,Foreign,773
2006,Escher Wyss,Swiss,2214
2006,Fluntern,Foreign,1814
2006,Fluntern,Swiss,5565
2006,Friesenberg,Foreign,2343
2006,Friesenberg,Swiss,7999
2006,Gewerbeschule,Foreign,3622
2006,Gewerbeschule,Swiss,6113
2006,Hard,Foreign,5583
2006,Hard,Swiss,6925
2006,Hirslanden,Foreign,1398
2006,Hirslanden,Swiss,5506
2006,Hirzenbach,Foreign,4115
2006,Hirzenbach,Swiss,7090
2006,Hochschulen,Foreign,203
2006,Hochschulen,Swiss,508
2006,Hottingen,Foreign,2482
2006,Hottingen,Swiss,7698
2006,Höngg,Foreign,4164
2006,Höngg,Swiss,16853
2006,Langstrasse,Foreign,4221
2006,Langstrasse,Swiss,6111
2006,Leimbach,Foreign,1155
2006,Leimbach,Swiss,3789
2006,Lindenhof,Foreign,199
2006,Lindenhof,Swiss,756
2006,Mühlebach,Foreign,1444
2006,Mühlebach,Swiss,4105
2006,Oberstrass,Foreign,2453
2006,Oberstrass,Swiss,7245
2006,Oerlikon,Foreign,6801
2006,Oerlikon,Swiss,13517
2006,Rathaus,Foreign,797
2006,Rathaus,Swiss,2300
2006,Saatlen,Foreign,2102
2006,Saatlen,Swiss,4593
2006,Schwamendingen-Mitte,Foreign,4228
2006,Schwamendingen-Mitte,Swiss,6409
2006,Seebach,Foreign,7341
2006,Seebach,Swiss,13416
2006,Seefeld,Foreign,1448
2006,Seefeld,Swiss,3394
2006,Sihlfeld,Foreign,7120
2006,Sihlfeld,Swiss,13194
2006,Unterstrass,Foreign,4816
2006,Unterstrass,Swiss,15143
2006,Weinegg,Foreign,1229
2006,Weinegg,Swiss,3587
2006,Werd,Foreign,1279
2006,Werd,Swiss,2586
2006,Wipkingen,Foreign,4713
2006,Wipkingen,Swiss,10679
2006,Witikon,Foreign,1772
2006,Witikon,Swiss,8186
2006,Wollishofen,Foreign,3561
2006,Wollishofen,Swiss,12026
2007,Affoltern,Foreign,6663
2007,Affoltern,Swiss,14285
2007,Albisrieden,Foreign,4375
2007,Albisrieden,Swiss,13152
2007,Alt-Wiedikon,Foreign,5054
2007,Alt-Wiedikon,Swiss,10386
2007,Altstetten,Foreign,10704
2007,Altstetten,Swiss,18644
2007,City,Foreign,293
2007,City,Swiss,583
2007,Enge,Foreign,2333
2007,Enge,Swiss,6140
2007,Escher Wyss,Foreign,795
2007,Escher Wyss,Swiss,2213
2007,Fluntern,Foreign,1969
2007,Fluntern,Swiss,5486
2007,Friesenberg,Foreign,2334
2007,Friesenberg,Swiss,7962
2007,Gewerbeschule,Foreign,3553
2007,Gewerbeschule,Swiss,6153
2007,Hard,Foreign,5717
2007,Hard,Swiss,7085
2007,Hirslanden,Foreign,1485
2007,Hirslanden,Swiss,5492
2007,Hirzenbach,Foreign,4231
2007,Hirzenbach,Swiss,7112
2007,Hochschulen,Foreign,215
2007,Hochschulen,Swiss,483
2007,Hottingen,Foreign,2677
2007,Hottingen,Swiss,7607
2007,Höngg,Foreign,4317
2007,Höngg,Swiss,16758
2007,Langstrasse,Foreign,4190
2007,Langstrasse,Swiss,6120
2007,Leimbach,Foreign,1285
2007,Leimbach,Swiss,3919
2007,Lindenhof,Foreign,227
2007,Lindenhof,Swiss,727
2007,Mühlebach,Foreign,1511
2007,Mühlebach,Swiss,4056
2007,Oberstrass,Foreign,2631
2007,Oberstrass,Swiss,7329
2007,Oerlikon,Foreign,7079
2007,Oerlikon,Swiss,13675
2007,Rathaus,Foreign,845
2007,Rathaus,Swiss,2234
2007,Saatlen,Foreign,2213
2007,Saatlen,Swiss,4629
2007,Schwamendingen-Mitte,Foreign,4327
2007,Schwamendingen-Mitte,Swiss,6479
2007,Seebach,Foreign,7618
2007,Seebach,Swiss,13772
2007,Seefeld,Foreign,1515
2007,Seefeld,Swiss,3405
2007,Sihlfeld,Foreign,7078
2007,Sihlfeld,Swiss,13294
2007,Unterstrass,Foreign,4998
2007,Unterstrass,Swiss,15245
2007,Weinegg,Foreign,1370
2007,Weinegg,Swiss,3574
2007,Werd,Foreign,1373
2007,Werd,Swiss,2571
2007,Wipkingen,Foreign,4735
2007,Wipkingen,Swiss,10664
2007,Witikon,Foreign,1901
2007,Witikon,Swiss,8226
2007,Wollishofen,Foreign,3768
2007,Wollishofen,Swiss,11976
2008,Affoltern,Foreign,7139
2008,Affoltern,Swiss,14905
2008,Albisrieden,Foreign,4409
2008,Albisrieden,Swiss,13146
2008,Alt-Wiedikon,Foreign,5172
2008,Alt-Wiedikon,Swiss,10555
2008,Altstetten,Foreign,10894
2008,Altstetten,Swiss,18846
2008,City,Foreign,273
2008,City,Swiss,570
2008,Enge,Foreign,2440
2008,Enge,Swiss,6112
2008,Escher Wyss,Foreign,785
2008,Escher Wyss,Swiss,2186
2008,Fluntern,Foreign,2125
2008,Fluntern,Swiss,5417
2008,Friesenberg,Foreign,2276
2008,Friesenberg,Swiss,8049
2008,Gewerbeschule,Foreign,3518
2008,Gewerbeschule,Swiss,6233
2008,Hard,Foreign,5676
2008,Hard,Swiss,7208
2008,Hirslanden,Foreign,1498
2008,Hirslanden,Swiss,5469
2008,Hirzenbach,Foreign,4266
2008,Hirzenbach,Swiss,7212
2008,Hochschulen,Foreign,210
2008,Hochschulen,Swiss,492
2008,Hottingen,Foreign,2930
2008,Hottingen,Swiss,7618
2008,Höngg,Foreign,4527
2008,Höngg,Swiss,16659
2008,Langstrasse,Foreign,4256
2008,Langstrasse,Swiss,6199
2008,Leimbach,Foreign,1264
2008,Leimbach,Swiss,3921
2008,Lindenhof,Foreign,220
2008,Lindenhof,Swiss,720
2008,Mühlebach,Foreign,1507
2008,Mühlebach,Swiss,3984
2008,Oberstrass,Foreign,2802
2008,Oberstrass,Swiss,7300
2008,Oerlikon,Foreign,7170
2008,Oerlikon,Swiss,13683
2008,Rathaus,Foreign,834
2008,Rathaus,Swiss,2217
2008,Saatlen,Foreign,2211
2008,Saatlen,Swiss,4632
2008,Schwamendingen-Mitte,Foreign,4346
2008,Schwamendingen-Mitte,Swiss,6518
2008,Seebach,Foreign,7744
2008,Seebach,Swiss,13642
2008,Seefeld,Foreign,1516
2008,Seefeld,Swiss,3347
2008,Sihlfeld,Foreign,7070
2008,Sihlfeld,Swiss,13473
2008,Unterstrass,Foreign,5286
2008,Unterstrass,Swiss,15369
2008,Weinegg,Foreign,1391
2008,Weinegg,Swiss,3570
2008,Werd,Foreign,1442
2008,Werd,Swiss,2573
2008,Wipkingen,Foreign,4778
2008,Wipkingen,Swiss,10722
2008,Witikon,Foreign,2018
2008,Witikon,Swiss,8165
2008,Wollishofen,Foreign,3911
2008,Wollishofen,Swiss,11883
2009,Affoltern,Foreign,7088
2009,Affoltern,Swiss,15295
2009,Albisrieden,Foreign,4390
2009,Albisrieden,Swiss,13285
2009,Alt-Wiedikon,Foreign,4981
2009,Alt-Wiedikon,Swiss,10523
2009,Altstetten,Foreign,10775
2009,Altstetten,Swiss,19070
2009,City,Foreign,284
2009,City,Swiss,569
2009,Enge,Foreign,2501
2009,Enge,Swiss,6167
2009,Escher Wyss,Foreign,771
2009,Escher Wyss,Swiss,2289
2009,Fluntern,Foreign,2126
2009,Fluntern,Swiss,5402
2009,Friesenberg,Foreign,2584
2009,Friesenberg,Swiss,8419
2009,Gewerbeschule,Foreign,3405
2009,Gewerbeschule,Swiss,6312
2009,Hard,Foreign,5500
2009,Hard,Swiss,7402
2009,Hirslanden,Foreign,1537
2009,Hirslanden,Swiss,5419
2009,Hirzenbach,Foreign,4176
2009,Hirzenbach,Swiss,7434
2009,Hochschulen,Foreign,207
2009,Hochschulen,Swiss,466
2009,Hottingen,Foreign,2967
2009,Hottingen,Swiss,7627
2009,Höngg,Foreign,4521
2009,Höngg,Swiss,16773
2009,Langstrasse,Foreign,4229
2009,Langstrasse,Swiss,6163
2009,Leimbach,Foreign,1246
2009,Leimbach,Swiss,4041
2009,Lindenhof,Foreign,220
2009,Lindenhof,Swiss,720
2009,Mühlebach,Foreign,1584
2009,Mühlebach,Swiss,3961
2009,Oberstrass,Foreign,2688
2009,Oberstrass,Swiss,7363
2009,Oerlikon,Foreign,7087
2009,Oerlikon,Swiss,13653
2009,Rathaus,Foreign,892
2009,Rathaus,Swiss,2218
2009,Saatlen,Foreign,2330
2009,Saatlen,Swiss,4802
2009,Schwamendingen-Mitte,Foreign,4269
2009,Schwamendingen-Mitte,Swiss,6588
2009,Seebach,Foreign,7711
2009,Seebach,Swiss,13778
2009,Seefeld,Foreign,1512
2009,Seefeld,Swiss,3220
2009,Sihlfeld,Foreign,6855
2009,Sihlfeld,Swiss,13609
2009,Unterstrass,Foreign,5413
2009,Unterstrass,Swiss,15667
2009,Weinegg,Foreign,1368
2009,Weinegg,Swiss,3567
2009,Werd,Foreign,1413
2009,Werd,Swiss,2691
2009,Wipkingen,Foreign,4751
2009,Wipkingen,Swiss,10894
2009,Witikon,Foreign,2136
2009,Witikon,Swiss,8148
2009,Wollishofen,Foreign,3877
2009,Wollishofen,Swiss,11977
2010,Affoltern,Foreign,7209
2010,Affoltern,Swiss,15763
2010,Albisrieden,Foreign,4435
2010,Albisrieden,Swiss,13400
2010,Alt-Wiedikon,Foreign,5074
2010,Alt-Wiedikon,Swiss,10914
2010,Altstetten,Foreign,10903
2010,Altstetten,Swiss,19756
2010,City,Foreign,269
2010,City,Swiss,566
2010,Enge,Foreign,2582
2010,Enge,Swiss,6015
2010,Escher Wyss,Foreign,797
2010,Escher Wyss,Swiss,2279
2010,Fluntern,Foreign,2133
2010,Fluntern,Swiss,5504
2010,Friesenberg,Foreign,2135
2010,Friesenberg,Swiss,8461
2010,Gewerbeschule,Foreign,3352
2010,Gewerbeschule,Swiss,6336
2010,Hard,Foreign,5285
2010,Hard,Swiss,7598
2010,Hirslanden,Foreign,1620
2010,Hirslanden,Swiss,5378
2010,Hirzenbach,Foreign,3948
2010,Hirzenbach,Swiss,7511
2010,Hochschulen,Foreign,196
2010,Hochschulen,Swiss,482
2010,Hottingen,Foreign,2998
2010,Hottingen,Swiss,7572
2010,Höngg,Foreign,4594
2010,Höngg,Swiss,16585
2010,Langstrasse,Foreign,4172
2010,Langstrasse,Swiss,6207
2010,Leimbach,Foreign,1240
2010,Leimbach,Swiss,4053
2010,Lindenhof,Foreign,238
2010,Lindenhof,Swiss,713
2010,Mühlebach,Foreign,1661
2010,Mühlebach,Swiss,4018
2010,Oberstrass,Foreign,2823
2010,Oberstrass,Swiss,7408
2010,Oerlikon,Foreign,7219
2010,Oerlikon,Swiss,13568
2010,Rathaus,Foreign,894
2010,Rathaus,Swiss,2205
2010,Saatlen,Foreign,2283
2010,Saatlen,Swiss,4892
2010,Schwamendingen-Mitte,Foreign,4233
2010,Schwamendingen-Mitte,Swiss,6670
2010,Seebach,Foreign,7848
2010,Seebach,Swiss,14189
2010,Seefeld,Foreign,1646
2010,Seefeld,Swiss,3194
2010,Sihlfeld,Foreign,6439
2010,Sihlfeld,Swiss,13676
2010,Unterstrass,Foreign,5601
2010,Unterstrass,Swiss,15632
2010,Weinegg,Foreign,1408
2010,Weinegg,Swiss,3591
2010,Werd,Foreign,1439
2010,Werd,Swiss,2728
2010,Wipkingen,Foreign,4656
2010,Wipkingen,Swiss,11044
2010,Witikon,Foreign,2152
2010,Witikon,Swiss,8090
2010,Wollishofen,Foreign,3969
2010,Wollishofen,Swiss,12019
2011,Affoltern,Foreign,7852
2011,Affoltern,Swiss,16585
2011,Albisrieden,Foreign,4641
2011,Albisrieden,Swiss,13791
2011,Alt-Wiedikon,Foreign,5135
2011,Alt-Wiedikon,Swiss,10879
2011,Altstetten,Foreign,11394
2011,Altstetten,Swiss,19987
2011,City,Foreign,238
2011,City,Swiss,541
2011,Enge,Foreign,2658
2011,Enge,Swiss,6026
2011,Escher Wyss,Foreign,832
2011,Escher Wyss,Swiss,2297
2011,Fluntern,Foreign,2396
2011,Fluntern,Swiss,5477
2011,Friesenberg,Foreign,2186
2011,Friesenberg,Swiss,8436
2011,Gewerbeschule,Foreign,3319
2011,Gewerbeschule,Swiss,6476
2011,Hard,Foreign,5176
2011,Hard,Swiss,7568
2011,Hirslanden,Foreign,1740
2011,Hirslanden,Swiss,5284
2011,Hirzenbach,Foreign,4041
2011,Hirzenbach,Swiss,7475
2011,Hochschulen,Foreign,197
2011,Hochschulen,Swiss,484
2011,Hottingen,Foreign,3024
2011,Hottingen,Swiss,7437
2011,Höngg,Foreign,4764
2011,Höngg,Swiss,16559
2011,Langstrasse,Foreign,4256
2011,Langstrasse,Swiss,6264
2011,Leimbach,Foreign,1292
2011,Leimbach,Swiss,4048
2011,Lindenhof,Foreign,237
2011,Lindenhof,Swiss,713
2011,Mühlebach,Foreign,1718
2011,Mühlebach,Swiss,3933
2011,Oberstrass,Foreign,2910
2011,Oberstrass,Swiss,7406
2011,Oerlikon,Foreign,7595
2011,Oerlikon,Swiss,13658
2011,Rathaus,Foreign,898
2011,Rathaus,Swiss,2242
2011,Saatlen,Foreign,2295
2011,Saatlen,Swiss,4836
2011,Schwamendingen-Mitte,Foreign,4281
2011,Schwamendingen-Mitte,Swiss,6582
2011,Seebach,Foreign,8034
2011,Seebach,Swiss,14221
2011,Seefeld,Foreign,1699
2011,Seefeld,Swiss,3209
2011,Sihlfeld,Foreign,6536
2011,Sihlfeld,Swiss,13771
2011,Unterstrass,Foreign,5645
2011,Unterstrass,Swiss,15595
2011,Weinegg,Foreign,1446
2011,Weinegg,Swiss,3496
2011,Werd,Foreign,1485
2011,Werd,Swiss,2704
2011,Wipkingen,Foreign,4773
2011,Wipkingen,Swiss,11096
2011,Witikon,Foreign,2237
2011,Witikon,Swiss,8021
2011,Wollishofen,Foreign,4087
2011,Wollishofen,Swiss,11968
2012,Affoltern,Foreign,8066
2012,Affoltern,Swiss,16789
2012,Albisrieden,Foreign,4828
2012,Albisrieden,Swiss,14171
2012,Alt-Wiedikon,Foreign,5201
2012,Alt-Wiedikon,Swiss,10908
2012,Altstetten,Foreign,11356
2012,Altstetten,Swiss,20082
2012,City,Foreign,251
2012,City,Swiss,548
2012,Enge,Foreign,2725
2012,Enge,Swiss,5977
2012,Escher Wyss,Foreign,928
2012,Escher Wyss,Swiss,2415
2012,Fluntern,Foreign,2380
2012,Fluntern,Swiss,5399
2012,Friesenberg,Foreign,2303
2012,Friesenberg,Swiss,8683
2012,Gewerbeschule,Foreign,3325
2012,Gewerbeschule,Swiss,6499
2012,Hard,Foreign,5236
2012,Hard,Swiss,7758
2012,Hirslanden,Foreign,1793
2012,Hirslanden,Swiss,5338
2012,Hirzenbach,Foreign,4011
2012,Hirzenbach,Swiss,7393
2012,Hochschulen,Foreign,207
2012,Hochschulen,Swiss,466
2012,Hottingen,Foreign,3014
2012,Hottingen,Swiss,7433
2012,Höngg,Foreign,4798
2012,Höngg,Swiss,16739
2012,Langstrasse,Foreign,4286
2012,Langstrasse,Swiss,6274
2012,Leimbach,Foreign,1284
2012,Leimbach,Swiss,4070
2012,Lindenhof,Foreign,247
2012,Lindenhof,Swiss,688
2012,Mühlebach,Foreign,1818
2012,Mühlebach,Swiss,3927
2012,Oberstrass,Foreign,2946
2012,Oberstrass,Swiss,7362
2012,Oerlikon,Foreign,7610
2012,Oerlikon,Swiss,13721
2012,Rathaus,Foreign,912
2012,Rathaus,Swiss,2252
2012,Saatlen,Foreign,2273
2012,Saatlen,Swiss,4845
2012,Schwamendingen-Mitte,Foreign,4336
2012,Schwamendingen-Mitte,Swiss,6598
2012,Seebach,Foreign,8512
2012,Seebach,Swiss,14798
2012,Seefeld,Foreign,1752
2012,Seefeld,Swiss,3164
2012,Sihlfeld,Foreign,6741
2012,Sihlfeld,Swiss,14090
2012,Unterstrass,Foreign,5868
2012,Unterstrass,Swiss,15574
2012,Weinegg,Foreign,1384
2012,Weinegg,Swiss,3399
2012,Werd,Foreign,1518
2012,Werd,Swiss,2677
2012,Wipkingen,Foreign,4809
2012,Wipkingen,Swiss,10982
2012,Witikon,Foreign,2306
2012,Witikon,Swiss,7940
2012,Wollishofen,Foreign,4133
2012,Wollishofen,Swiss,11896
2013,Affoltern,Foreign,8162
2013,Affoltern,Swiss,16920
2013,Albisrieden,Foreign,4902
2013,Albisrieden,Swiss,14244
2013,Alt-Wiedikon,Foreign,5585
2013,Alt-Wiedikon,Swiss,11121
2013,Altstetten,Foreign,11011
2013,Altstetten,Swiss,20104
2013,City,Foreign,234
2013,City,Swiss,549
2013,Enge,Foreign,2917
2013,Enge,Swiss,5919
2013,Escher Wyss,Foreign,1152
2013,Escher Wyss,Swiss,2858
2013,Fluntern,Foreign,2433
2013,Fluntern,Swiss,5423
2013,Friesenberg,Foreign,2100
2013,Friesenberg,Swiss,8596
2013,Gewerbeschule,Foreign,3284
2013,Gewerbeschule,Swiss,6342
2013,Hard,Foreign,5277
2013,Hard,Swiss,7964
2013,Hirslanden,Foreign,1906
2013,Hirslanden,Swiss,5379
2013,Hirzenbach,Foreign,3981
2013,Hirzenbach,Swiss,7172
2013,Hochschulen,Foreign,204
2013,Hochschulen,Swiss,461
2013,Hottingen,Foreign,3152
2013,Hottingen,Swiss,7556
2013,Höngg,Foreign,4918
2013,Höngg,Swiss,16663
2013,Langstrasse,Foreign,4344
2013,Langstrasse,Swiss,6342
2013,Leimbach,Foreign,1538
2013,Leimbach,Swiss,4192
2013,Lindenhof,Foreign,238
2013,Lindenhof,Swiss,685
2013,Mühlebach,Foreign,1915
2013,Mühlebach,Swiss,3997
2013,Oberstrass,Foreign,3112
2013,Oberstrass,Swiss,7340
2013,Oerlikon,Foreign,7861
2013,Oerlikon,Swiss,13797
2013,Rathaus,Foreign,925
2013,Rathaus,Swiss,2269
2013,Saatlen,Foreign,2260
2013,Saatlen,Swiss,5020
2013,Schwamendingen-Mitte,Foreign,4525
2013,Schwamendingen-Mitte,Swiss,6684
2013,Seebach,Foreign,8936
2013,Seebach,Swiss,15072
2013,Seefeld,Foreign,1798
2013,Seefeld,Swiss,3180
2013,Sihlfeld,Foreign,6741
2013,Sihlfeld,Swiss,14190
2013,Unterstrass,Foreign,6104
2013,Unterstrass,Swiss,15772
2013,Weinegg,Foreign,1522
2013,Weinegg,Swiss,3500
2013,Werd,Foreign,1527
2013,Werd,Swiss,2661
2013,Wipkingen,Foreign,4758
2013,Wipkingen,Swiss,11077
2013,Witikon,Foreign,2414
2013,Witikon,Swiss,7853
2013,Wollishofen,Foreign,4134
2013,Wollishofen,Swiss,11803
2014,Affoltern,Foreign,8679
2014,Affoltern,Swiss,17223
2014,Albisrieden,Foreign,4922
2014,Albisrieden,Swiss,14277
2014,Alt-Wiedikon,Foreign,5781
2014,Alt-Wiedikon,Swiss,11137
2014,Altstetten,Foreign,11142
2014,Altstetten,Swiss,20344
2014,City,Foreign,229
2014,City,Swiss,562
2014,Enge,Foreign,3045
2014,Enge,Swiss,6038
2014,Escher Wyss,Foreign,1424
2014,Escher Wyss,Swiss,3180
2014,Fluntern,Foreign,2481
2014,Fluntern,Swiss,5384
2014,Friesenberg,Foreign,2116
2014,Friesenberg,Swiss,8579
2014,Gewerbeschule,Foreign,3191
2014,Gewerbeschule,Swiss,6348
2014,Hard,Foreign,5278
2014,Hard,Swiss,7954
2014,Hirslanden,Foreign,2039
2014,Hirslanden,Swiss,5364
2014,Hirzenbach,Foreign,4208
2014,Hirzenbach,Swiss,7471
2014,Hochschulen,Foreign,189
2014,Hochschulen,Swiss,445
2014,Hottingen,Foreign,3198
2014,Hottingen,Swiss,7684
2014,Höngg,Foreign,5040
2014,Höngg,Swiss,16786
2014,Langstrasse,Foreign,4373
2014,Langstrasse,Swiss,6612
2014,Leimbach,Foreign,1658
2014,Leimbach,Swiss,4278
2014,Lindenhof,Foreign,262
2014,Lindenhof,Swiss,693
2014,Mühlebach,Foreign,2059
2014,Mühlebach,Swiss,4048
2014,Oberstrass,Foreign,3149
2014,Oberstrass,Swiss,7407
2014,Oerlikon,Foreign,8117
2014,Oerlikon,Swiss,13778
2014,Rathaus,Foreign,960
2014,Rathaus,Swiss,2276
2014,Saatlen,Foreign,2347
2014,Saatlen,Swiss,5216
2014,Schwamendingen-Mitte,Foreign,4654
2014,Schwamendingen-Mitte,Swiss,6647
2014,Seebach,Foreign,9280
2014,Seebach,Swiss,15151
2014,Seefeld,Foreign,1898
2014,Seefeld,Swiss,3137
2014,Sihlfeld,Foreign,6708
2014,Sihlfeld,Swiss,14487
2014,Unterstrass,Foreign,6172
2014,Unterstrass,Swiss,15954
2014,Weinegg,Foreign,1557
2014,Weinegg,Swiss,3479
2014,Werd,Foreign,1570
2014,Werd,Swiss,2858
2014,Wipkingen,Foreign,4606
2014,Wipkingen,Swiss,11111
2014,Witikon,Foreign,2512
2014,Witikon,Swiss,7894
2014,Wollishofen,Foreign,4290
2014,Wollishofen,Swiss,11847
2015,Affoltern,Foreign,8569
2015,Affoltern,Swiss,17305
2015,Albisrieden,Foreign,5007
2015,Albisrieden,Swiss,14318
2015,Alt-Wiedikon,Foreign,5763
2015,Alt-Wiedikon,Swiss,11395
2015,Altstetten,Foreign,11312
2015,Altstetten,Swiss,20691
2015,City,Foreign,243
2015,City,Swiss,562
2015,Enge,Foreign,3126
2015,Enge,Swiss,6131
2015,Escher Wyss,Foreign,1739
2015,Escher Wyss,Swiss,3718
2015,Fluntern,Foreign,2538
2015,Fluntern,Swiss,5415
2015,Friesenberg,Foreign,2075
2015,Friesenberg,Swiss,8623
2015,Gewerbeschule,Foreign,3155
2015,Gewerbeschule,Swiss,6453
2015,Hard,Foreign,5020
2015,Hard,Swiss,8052
2015,Hirslanden,Foreign,2012
2015,Hirslanden,Swiss,5368
2015,Hirzenbach,Foreign,4328
2015,Hirzenbach,Swiss,7602
2015,Hochschulen,Foreign,204
2015,Hochschulen,Swiss,437
2015,Hottingen,Foreign,3327
2015,Hottingen,Swiss,7754
2015,Höngg,Foreign,5230
2015,Höngg,Swiss,17090
2015,Langstrasse,Foreign,4425
2015,Langstrasse,Swiss,6744
2015,Leimbach,Foreign,1843
2015,Leimbach,Swiss,4259
2015,Lindenhof,Foreign,265
2015,Lindenhof,Swiss,709
2015,Mühlebach,Foreign,2075
2015,Mühlebach,Swiss,4041
2015,Oberstrass,Foreign,3245
2015,Oberstrass,Swiss,7396
2015,Oerlikon,Foreign,8178
2015,Oerlikon,Swiss,13788
2015,Rathaus,Foreign,964
2015,Rathaus,Swiss,2233
2015,Saatlen,Foreign,2655
2015,Saatlen,Swiss,5853
2015,Schwamendingen-Mitte,Foreign,4727
2015,Schwamendingen-Mitte,Swiss,6588
2015,Seebach,Foreign,9511
2015,Seebach,Swiss,15480
2015,Seefeld,Foreign,1877
2015,Seefeld,Swiss,3113
2015,Sihlfeld,Foreign,6796
2015,Sihlfeld,Swiss,14543
2015,Unterstrass,Foreign,6194
2015,Unterstrass,Swiss,16032
2015,Weinegg,Foreign,1611
2015,Weinegg,Swiss,3475
2015,Werd,Foreign,1564
2015,Werd,Swiss,2896
2015,Wipkingen,Foreign,4573
2015,Wipkingen,Swiss,11306
2015,Witikon,Foreign,2644
2015,Witikon,Swiss,7995
2015,Wollishofen,Foreign,4373
2015,Wollishofen,Swiss,11871
2016,Affoltern,Foreign,8550
2016,Affoltern,Swiss,17504
2016,Albisrieden,Foreign,5608
2016,Albisrieden,Swiss,15566
2016,Alt-Wiedikon,Foreign,5825
2016,Alt-Wiedikon,Swiss,11496
2016,Altstetten,Foreign,11186
2016,Altstetten,Swiss,20538
2016,City,Foreign,239
2016,City,Swiss,571
2016,Enge,Foreign,3350
2016,Enge,Swiss,6072
2016,Escher Wyss,Foreign,1939
2016,Escher Wyss,Swiss,3886
2016,Fluntern,Foreign,2568
2016,Fluntern,Swiss,5470
2016,Friesenberg,Foreign,2144
2016,Friesenberg,Swiss,8858
2016,Gewerbeschule,Foreign,3089
2016,Gewerbeschule,Swiss,6509
2016,Hard,Foreign,4979
2016,Hard,Swiss,7912
2016,Hirslanden,Foreign,1946
2016,Hirslanden,Swiss,5375
2016,Hirzenbach,Foreign,4543
2016,Hirzenbach,Swiss,7920
2016,Hochschulen,Foreign,208
2016,Hochschulen,Swiss,432
2016,Hottingen,Foreign,3317
2016,Hottingen,Swiss,7796
2016,Höngg,Foreign,5785
2016,Höngg,Swiss,17638
2016,Langstrasse,Foreign,4389
2016,Langstrasse,Swiss,6756
2016,Leimbach,Foreign,1921
2016,Leimbach,Swiss,4252
2016,Lindenhof,Foreign,265
2016,Lindenhof,Swiss,707
2016,Mühlebach,Foreign,2157
2016,Mühlebach,Swiss,3980
2016,Oberstrass,Foreign,3310
2016,Oberstrass,Swiss,7484
2016,Oerlikon,Foreign,8418
2016,Oerlikon,Swiss,13743
2016,Rathaus,Foreign,987
2016,Rathaus,Swiss,2239
2016,Saatlen,Foreign,2549
2016,Saatlen,Swiss,5734
2016,Schwamendingen-Mitte,Foreign,4603
2016,Schwamendingen-Mitte,Swiss,6473
2016,Seebach,Foreign,9674
2016,Seebach,Swiss,15524
2016,Seefeld,Foreign,1949
2016,Seefeld,Swiss,3097
2016,Sihlfeld,Foreign,6652
2016,Sihlfeld,Swiss,14525
2016,Unterstrass,Foreign,6350
2016,Unterstrass,Swiss,16126
2016,Weinegg,Foreign,1590
2016,Weinegg,Swiss,3440
2016,Werd,Foreign,1603
2016,Werd,Swiss,2991
2016,Wipkingen,Foreign,4579
2016,Wipkingen,Swiss,11562
2016,Witikon,Foreign,2687
2016,Witikon,Swiss,7980
2016,Wollishofen,Foreign,4514
2016,Wollishofen,Swiss,12053
